-- phpMyAdmin SQL Dump
-- version 4.8.3
-- https://www.phpmyadmin.net/
--
-- Host: localhost:3306
-- Generation Time: Dec 14, 2019 at 02:29 PM
-- Server version: 5.6.44-cll-lve
-- PHP Version: 7.2.7

SET SQL_MODE = "NO_AUTO_VALUE_ON_ZERO";
SET AUTOCOMMIT = 0;
START TRANSACTION;
SET time_zone = "+00:00";


/*!40101 SET @OLD_CHARACTER_SET_CLIENT=@@CHARACTER_SET_CLIENT */;
/*!40101 SET @OLD_CHARACTER_SET_RESULTS=@@CHARACTER_SET_RESULTS */;
/*!40101 SET @OLD_COLLATION_CONNECTION=@@COLLATION_CONNECTION */;
/*!40101 SET NAMES utf8mb4 */;

--
-- Database: `library_serikali`
--

DELIMITER $$
--
-- Procedures
--
$$

$$

$$

$$

DELIMITER ;

-- --------------------------------------------------------

--
-- Table structure for table `Authors`
--

CREATE TABLE `Authors` (
  `id` int(11) UNSIGNED NOT NULL,
  `lastName` varchar(45) DEFAULT NULL,
  `middleName` varchar(45) DEFAULT NULL,
  `firstName` varchar(45) DEFAULT NULL,
  `description` longtext,
  `photoId` int(11) UNSIGNED DEFAULT NULL
) ENGINE=InnoDB DEFAULT CHARSET=utf8;

-- --------------------------------------------------------

--
-- Table structure for table `Bindings`
--

CREATE TABLE `Bindings` (
  `id` int(11) UNSIGNED NOT NULL,
  `name` varchar(45) NOT NULL
) ENGINE=InnoDB DEFAULT CHARSET=utf8;

--
-- Dumping data for table `Bindings`
--

INSERT INTO `Bindings` (`id`, `name`) VALUES
(1, 'Hardcover'),
(2, 'Softcover');

-- --------------------------------------------------------

--
-- Table structure for table `BookAuthors`
--

CREATE TABLE `BookAuthors` (
  `bookId` int(11) UNSIGNED NOT NULL,
  `authorId` int(11) UNSIGNED NOT NULL
) ENGINE=InnoDB DEFAULT CHARSET=utf8;

-- --------------------------------------------------------

--
-- Table structure for table `BookCopies`
--

CREATE TABLE `BookCopies` (
  `id` int(10) UNSIGNED NOT NULL,
  `bookId` int(10) UNSIGNED NOT NULL,
  `bookSN` varchar(50) DEFAULT NULL,
  `status` varchar(50) NOT NULL,
  `issueStatus` varchar(50) NOT NULL
) ENGINE=InnoDB DEFAULT CHARSET=utf8;

-- --------------------------------------------------------

--
-- Table structure for table `BookFields`
--

CREATE TABLE `BookFields` (
  `id` int(10) UNSIGNED NOT NULL,
  `name` varchar(45) NOT NULL,
  `title` varchar(45) NOT NULL,
  `type` varchar(45) NOT NULL,
  `control` varchar(45) NOT NULL COMMENT 'INPUT, TEXTAREA, SELECT, CHECKBOX',
  `isFilterable` bit(1) DEFAULT b'0'
) ENGINE=InnoDB DEFAULT CHARSET=utf8;

-- --------------------------------------------------------

--
-- Table structure for table `BookGenres`
--

CREATE TABLE `BookGenres` (
  `bookId` int(11) UNSIGNED NOT NULL,
  `genreId` int(11) UNSIGNED NOT NULL
) ENGINE=InnoDB DEFAULT CHARSET=utf8;

-- --------------------------------------------------------

--
-- Table structure for table `BookImages`
--

CREATE TABLE `BookImages` (
  `bookId` int(10) UNSIGNED NOT NULL,
  `imageId` int(10) UNSIGNED NOT NULL
) ENGINE=InnoDB DEFAULT CHARSET=utf8;

-- --------------------------------------------------------

--
-- Table structure for table `BookLocations`
--

CREATE TABLE `BookLocations` (
  `bookId` int(10) UNSIGNED NOT NULL,
  `locationId` int(10) UNSIGNED NOT NULL
) ENGINE=InnoDB DEFAULT CHARSET=utf8;

-- --------------------------------------------------------

--
-- Table structure for table `BookRatings`
--

CREATE TABLE `BookRatings` (
  `id` int(10) UNSIGNED NOT NULL,
  `bookId` int(10) UNSIGNED NOT NULL,
  `userId` int(10) UNSIGNED NOT NULL,
  `rating` int(1) NOT NULL,
  `updateDateTime` datetime NOT NULL,
  `creationDateTime` datetime NOT NULL
) ENGINE=InnoDB DEFAULT CHARSET=utf8;

-- --------------------------------------------------------

--
-- Table structure for table `BookReviews`
--

CREATE TABLE `BookReviews` (
  `bookId` int(10) UNSIGNED NOT NULL,
  `reviewId` int(10) UNSIGNED NOT NULL
) ENGINE=InnoDB DEFAULT CHARSET=utf8;

-- --------------------------------------------------------

--
-- Table structure for table `Books`
--

CREATE TABLE `Books` (
  `id` int(11) UNSIGNED NOT NULL,
  `seriesId` int(11) UNSIGNED DEFAULT NULL COMMENT 'Book series',
  `publisherId` int(11) UNSIGNED DEFAULT NULL COMMENT 'Publisher',
  `coverId` int(11) UNSIGNED DEFAULT NULL,
  `eBookId` int(10) UNSIGNED DEFAULT NULL,
  `bookSN` varchar(50) DEFAULT NULL,
  `title` varchar(255) DEFAULT NULL COMMENT 'Title',
  `subtitle` varchar(150) DEFAULT NULL COMMENT 'Book subtitle',
  `ISBN10` varchar(10) DEFAULT NULL,
  `ISBN13` varchar(13) DEFAULT NULL,
  `publishingYear` int(4) DEFAULT NULL COMMENT 'Publishing year and month',
  `pages` int(4) DEFAULT NULL COMMENT 'Number of pages',
  `description` longtext COMMENT 'Book description',
  `notes` varchar(500) DEFAULT NULL COMMENT 'Book notes',
  `quantity` int(3) DEFAULT '0' COMMENT 'Number of copies',
  `actualQuantity` int(3) DEFAULT '0' COMMENT 'Actual number of book copies that can be issued right now',
  `edition` varchar(150) DEFAULT NULL COMMENT 'Edition of the book',
  `binding` varchar(20) DEFAULT 'Hardcover' COMMENT 'Book binding',
  `physicalForm` varchar(20) DEFAULT 'Book' COMMENT 'Physical form of book',
  `size` varchar(20) DEFAULT 'Medium' COMMENT 'Book size',
  `type` varchar(20) DEFAULT 'Standard' COMMENT 'Type of book',
  `price` decimal(10,2) DEFAULT NULL COMMENT 'Book price',
  `language` varchar(45) DEFAULT NULL COMMENT 'Language of the book',
  `metaTitle` varchar(200) DEFAULT NULL,
  `metaKeywords` varchar(250) DEFAULT NULL,
  `metaDescription` longtext,
  `rating` float(3,2) DEFAULT '0.00',
  `url` varchar(255) DEFAULT NULL,
  `updateDateTime` datetime NOT NULL COMMENT 'Last update time',
  `creationDateTime` datetime NOT NULL,
  `test` varchar(45) DEFAULT NULL,
  `test2` varchar(255) DEFAULT NULL,
  `CheckBox` varchar(255) DEFAULT NULL,
  `textarea` longtext
) ENGINE=InnoDB DEFAULT CHARSET=utf8;

--
-- Dumping data for table `Books`
--

INSERT INTO `Books` (`id`, `seriesId`, `publisherId`, `coverId`, `eBookId`, `bookSN`, `title`, `subtitle`, `ISBN10`, `ISBN13`, `publishingYear`, `pages`, `description`, `notes`, `quantity`, `actualQuantity`, `edition`, `binding`, `physicalForm`, `size`, `type`, `price`, `language`, `metaTitle`, `metaKeywords`, `metaDescription`, `rating`, `url`, `updateDateTime`, `creationDateTime`, `test`, `test2`, `CheckBox`, `textarea`) VALUES
(1, NULL, NULL, NULL, 1, NULL, 'ACCOUNTANCY 1 - F6 - 2009', 'PAST PAPER', NULL, NULL, 2009, NULL, NULL, NULL, 0, 0, NULL, 'Hardcover', 'Book', 'Huge', 'Digital', NULL, NULL, NULL, NULL, NULL, NULL, NULL, '2019-12-14 15:58:20', '2019-12-14 12:32:17', NULL, NULL, NULL, NULL),
(2, NULL, NULL, NULL, 2, NULL, 'ACCOUNTANCY 1 - F6 - 2011', 'PAST PAPER', NULL, NULL, 2011, NULL, NULL, NULL, 0, 0, NULL, 'Hardcover', 'Book', 'Huge', 'Digital', NULL, NULL, NULL, NULL, NULL, NULL, NULL, '2019-12-14 15:53:34', '2019-12-14 12:39:55', NULL, NULL, NULL, NULL),
(3, NULL, NULL, NULL, 5, NULL, 'ACCOUNTANCY 1 - F6 - 2012', 'PAST PAPER', NULL, NULL, 2012, NULL, NULL, NULL, 0, 0, NULL, 'Hardcover', 'Book', 'Huge', 'Digital', NULL, NULL, NULL, NULL, NULL, NULL, NULL, '2019-12-14 15:59:04', '2019-12-14 12:44:39', NULL, NULL, NULL, NULL),
(4, NULL, NULL, NULL, 6, NULL, 'ACCOUNTANCY 1 - F6 - 2013', 'PAST PAPER', NULL, NULL, 2013, NULL, NULL, NULL, 0, 0, NULL, 'Hardcover', 'Book', 'Huge', 'Digital', NULL, NULL, NULL, NULL, NULL, NULL, NULL, '2019-12-14 15:57:42', '2019-12-14 12:48:07', NULL, NULL, NULL, NULL),
(5, NULL, NULL, NULL, 7, NULL, 'ACCOUNTANCY 1 - F6 - 2015', 'PAST PAPER', NULL, NULL, 2015, NULL, NULL, NULL, 0, 0, NULL, 'Hardcover', 'Book', 'Huge', 'Digital', NULL, NULL, NULL, NULL, NULL, NULL, NULL, '2019-12-14 16:02:16', '2019-12-14 12:52:18', NULL, NULL, NULL, NULL),
(6, NULL, NULL, NULL, 8, NULL, 'ACCOUNTANCY 1 - F6 - 2018', 'PAST PAPER', NULL, NULL, 2018, NULL, NULL, NULL, 0, 0, NULL, 'Hardcover', 'Book', 'Huge', 'Digital', NULL, NULL, NULL, NULL, NULL, NULL, NULL, '2019-12-14 16:01:47', '2019-12-14 13:14:52', NULL, NULL, NULL, NULL),
(7, NULL, NULL, NULL, 9, NULL, 'ACCOUNTANCY 2 - F6 - 2009', 'PAST PAPER', NULL, NULL, 2009, NULL, NULL, NULL, 0, 0, NULL, 'Hardcover', 'Book', 'Huge', 'Digital', NULL, NULL, NULL, NULL, NULL, NULL, NULL, '2019-12-14 16:01:21', '2019-12-14 13:25:30', NULL, NULL, NULL, NULL),
(8, NULL, NULL, NULL, 10, NULL, 'AGRICULTURE F2 NOTES', 'NOTES', NULL, NULL, NULL, NULL, NULL, NULL, 0, 0, NULL, 'Hardcover', 'Book', 'Huge', 'Digital', NULL, NULL, NULL, NULL, NULL, NULL, NULL, '2019-12-14 15:24:28', '2019-12-14 15:24:15', NULL, NULL, NULL, NULL),
(9, NULL, NULL, NULL, 11, NULL, 'AGRICULTURE F3 NOTES', 'NOTES', NULL, NULL, NULL, NULL, NULL, NULL, 0, 0, NULL, 'Hardcover', 'Book', 'Huge', 'Digital', NULL, NULL, NULL, NULL, NULL, NULL, NULL, '2019-12-14 15:25:37', '2019-12-14 15:25:37', NULL, NULL, NULL, NULL),
(10, NULL, NULL, NULL, 12, NULL, 'AGRICULTURE F4 NOTES', 'NOTES', NULL, NULL, NULL, NULL, NULL, NULL, 0, 0, NULL, 'Hardcover', 'Book', 'Huge', 'Digital', NULL, NULL, NULL, NULL, NULL, NULL, NULL, '2019-12-14 15:26:32', '2019-12-14 15:26:32', NULL, NULL, NULL, NULL),
(11, NULL, NULL, NULL, 13, NULL, 'BIOLOGY FORM 1 NOTES', 'NOTES', NULL, NULL, NULL, NULL, NULL, NULL, 0, 0, NULL, 'Hardcover', 'Book', 'Huge', 'Digital', NULL, NULL, NULL, NULL, NULL, NULL, NULL, '2019-12-14 15:27:53', '2019-12-14 15:27:53', NULL, NULL, NULL, NULL),
(12, NULL, NULL, NULL, 14, NULL, 'BIOLOGY F2 NOTES', 'NOTES', NULL, NULL, NULL, NULL, NULL, NULL, 0, 0, NULL, 'Hardcover', 'Book', 'Huge', 'Digital', NULL, NULL, NULL, NULL, NULL, NULL, NULL, '2019-12-14 15:31:29', '2019-12-14 15:30:56', NULL, NULL, NULL, NULL),
(13, NULL, NULL, NULL, 15, NULL, 'BIOLOGY F3 NOTES', 'NOTES', NULL, NULL, NULL, NULL, NULL, NULL, 0, 0, NULL, 'Hardcover', 'Book', 'Huge', 'Digital', NULL, NULL, NULL, NULL, NULL, NULL, NULL, '2019-12-14 15:32:21', '2019-12-14 15:32:21', NULL, NULL, NULL, NULL),
(14, NULL, NULL, NULL, 16, NULL, 'BIOLOGY F4 NOTES', 'NOTES', NULL, NULL, NULL, NULL, NULL, NULL, 0, 0, NULL, 'Hardcover', 'Book', 'Huge', 'Digital', NULL, NULL, NULL, NULL, NULL, NULL, NULL, '2019-12-14 15:34:27', '2019-12-14 15:34:27', NULL, NULL, NULL, NULL),
(15, NULL, NULL, NULL, 17, NULL, 'BOOK KEEPING F 1 NOTES', 'NOTES', NULL, NULL, NULL, NULL, NULL, NULL, 0, 0, NULL, 'Hardcover', 'Book', 'Huge', 'Digital', NULL, NULL, NULL, NULL, NULL, NULL, NULL, '2019-12-14 15:36:18', '2019-12-14 15:36:18', NULL, NULL, NULL, NULL),
(16, NULL, NULL, NULL, 18, NULL, 'BOOK KEEPING F2 NOTES', 'NOTES', NULL, NULL, NULL, NULL, NULL, NULL, 0, 0, NULL, 'Hardcover', 'Book', 'Huge', 'Digital', NULL, NULL, NULL, NULL, NULL, NULL, NULL, '2019-12-14 15:40:29', '2019-12-14 15:40:29', NULL, NULL, NULL, NULL),
(17, NULL, NULL, NULL, 19, NULL, 'BOOK KEEPING F3 NOTES', 'NOTES', NULL, NULL, NULL, NULL, NULL, NULL, 0, 0, NULL, 'Hardcover', 'Book', 'Huge', 'Digital', NULL, NULL, NULL, NULL, NULL, NULL, NULL, '2019-12-14 15:41:35', '2019-12-14 15:41:35', NULL, NULL, NULL, NULL),
(18, NULL, NULL, NULL, 20, NULL, 'BOOK KEEPING F4 NOTES', 'NOTES', NULL, NULL, NULL, NULL, NULL, NULL, 0, 0, NULL, 'Hardcover', 'Book', 'Huge', 'Digital', NULL, NULL, NULL, NULL, NULL, NULL, NULL, '2019-12-14 15:42:29', '2019-12-14 15:42:29', NULL, NULL, NULL, NULL),
(19, NULL, NULL, NULL, 21, NULL, 'CHEMISTRY F 1 NOTES', 'NOTES', NULL, NULL, NULL, NULL, NULL, NULL, 0, 0, NULL, 'Hardcover', 'Book', 'Huge', 'Digital', NULL, NULL, NULL, NULL, NULL, NULL, NULL, '2019-12-14 15:45:32', '2019-12-14 15:45:32', NULL, NULL, NULL, NULL),
(20, NULL, NULL, NULL, 22, NULL, 'CHEMISTRY F 2 NOTES', 'NOTES', NULL, NULL, NULL, NULL, NULL, NULL, 0, 0, NULL, 'Hardcover', 'Book', 'Huge', 'Digital', NULL, NULL, NULL, NULL, NULL, NULL, NULL, '2019-12-14 15:46:26', '2019-12-14 15:46:26', NULL, NULL, NULL, NULL),
(21, NULL, NULL, NULL, 23, NULL, 'CHEMISTRY F3 NOTES', 'NOTES', NULL, NULL, NULL, NULL, NULL, NULL, 0, 0, NULL, 'Hardcover', 'Book', 'Huge', 'Digital', NULL, NULL, NULL, NULL, NULL, NULL, NULL, '2019-12-14 15:47:23', '2019-12-14 15:47:23', NULL, NULL, NULL, NULL),
(22, NULL, NULL, NULL, 24, NULL, 'CHEMISTRY F4 NOTES', 'NOTES', NULL, NULL, NULL, NULL, NULL, NULL, 0, 0, NULL, 'Hardcover', 'Book', 'Huge', 'Digital', NULL, NULL, NULL, NULL, NULL, NULL, NULL, '2019-12-14 15:50:32', '2019-12-14 15:50:32', NULL, NULL, NULL, NULL),
(23, NULL, NULL, NULL, 25, NULL, 'CIVICS F1', 'NOTES', NULL, NULL, NULL, NULL, NULL, NULL, 0, 0, NULL, 'Hardcover', 'Book', 'Huge', 'Digital', NULL, NULL, NULL, NULL, NULL, NULL, NULL, '2019-12-14 15:52:22', '2019-12-14 15:52:22', NULL, NULL, NULL, NULL),
(24, NULL, NULL, NULL, 26, NULL, 'CIVIS F2 NOTES', 'NOTES', NULL, NULL, NULL, NULL, NULL, NULL, 0, 0, NULL, 'Hardcover', 'Book', 'Huge', 'Digital', NULL, NULL, NULL, NULL, NULL, NULL, NULL, '2019-12-14 15:53:29', '2019-12-14 15:53:29', NULL, NULL, NULL, NULL),
(25, NULL, NULL, NULL, 27, NULL, 'CIVIS F3 NOTES', 'NOTES', NULL, NULL, NULL, NULL, NULL, NULL, 0, 0, NULL, 'Hardcover', 'Book', 'Huge', 'Digital', NULL, NULL, NULL, NULL, NULL, NULL, NULL, '2019-12-14 15:54:40', '2019-12-14 15:54:40', NULL, NULL, NULL, NULL),
(26, NULL, NULL, NULL, 28, NULL, 'CIVIS F4 NOTES', 'NOTES', NULL, NULL, NULL, NULL, NULL, NULL, 0, 0, NULL, 'Hardcover', 'Book', 'Huge', 'Digital', NULL, NULL, NULL, NULL, NULL, NULL, NULL, '2019-12-14 15:55:30', '2019-12-14 15:55:30', NULL, NULL, NULL, NULL),
(27, NULL, NULL, NULL, 29, NULL, 'COMMERCE F 1 NOTES', 'NOTES', NULL, NULL, NULL, NULL, NULL, NULL, 0, 0, NULL, 'Hardcover', 'Book', 'Huge', 'Digital', NULL, NULL, NULL, NULL, NULL, NULL, NULL, '2019-12-14 15:56:46', '2019-12-14 15:56:46', NULL, NULL, NULL, NULL),
(28, NULL, NULL, NULL, 30, NULL, 'COMMERCE F 2 NOTES', 'NOTES', NULL, NULL, NULL, NULL, NULL, NULL, 0, 0, NULL, 'Hardcover', 'Book', 'Huge', 'Digital', NULL, NULL, NULL, NULL, NULL, NULL, NULL, '2019-12-14 15:58:04', '2019-12-14 15:58:04', NULL, NULL, NULL, NULL),
(29, NULL, NULL, NULL, 31, NULL, 'COMMERCE F3 NOTES', 'NOTES', NULL, NULL, NULL, NULL, NULL, NULL, 0, 0, NULL, 'Hardcover', 'Book', 'Huge', 'Digital', NULL, NULL, NULL, NULL, NULL, NULL, NULL, '2019-12-14 15:59:06', '2019-12-14 15:59:06', NULL, NULL, NULL, NULL),
(30, NULL, NULL, NULL, 32, NULL, 'COMMERCE F4 NOTES', 'NOTES', NULL, NULL, NULL, NULL, NULL, NULL, 0, 0, NULL, 'Hardcover', 'Book', 'Huge', 'Digital', NULL, NULL, NULL, NULL, NULL, NULL, NULL, '2019-12-14 15:59:56', '2019-12-14 15:59:56', NULL, NULL, NULL, NULL),
(31, NULL, NULL, NULL, 33, NULL, 'COMPUTER F2 NOTES', 'NOTES', NULL, NULL, NULL, NULL, NULL, NULL, 0, 0, NULL, 'Hardcover', 'Book', 'Huge', 'Digital', NULL, NULL, NULL, NULL, NULL, NULL, NULL, '2019-12-14 16:01:20', '2019-12-14 16:01:20', NULL, NULL, NULL, NULL),
(32, NULL, NULL, NULL, 34, NULL, 'COMPUTER F3 NOTES', 'NOTES', NULL, NULL, NULL, NULL, NULL, NULL, 0, 0, NULL, 'Hardcover', 'Book', 'Huge', 'Digital', NULL, NULL, NULL, NULL, NULL, NULL, NULL, '2019-12-14 16:02:06', '2019-12-14 16:02:06', NULL, NULL, NULL, NULL),
(33, NULL, NULL, NULL, 35, NULL, 'COMPUTER F4 NOTES', 'NOTES', NULL, NULL, NULL, NULL, NULL, NULL, 0, 0, NULL, 'Hardcover', 'Book', 'Huge', 'Digital', NULL, NULL, NULL, NULL, NULL, NULL, NULL, '2019-12-14 16:03:54', '2019-12-14 16:03:54', NULL, NULL, NULL, NULL),
(34, NULL, NULL, NULL, 36, NULL, 'ACCOUNTANCY 2 - F6 - 2011', 'PAST PAPER', NULL, NULL, 2011, NULL, NULL, NULL, 0, 0, NULL, 'Hardcover', 'Book', 'Huge', 'Digital', NULL, NULL, NULL, NULL, NULL, NULL, NULL, '2019-12-14 16:05:26', '2019-12-14 16:05:26', NULL, NULL, NULL, NULL),
(35, NULL, NULL, NULL, 37, NULL, 'MWONGOZO WA EDK F 2  NOTES', 'NOTES', NULL, NULL, NULL, NULL, NULL, NULL, 0, 0, NULL, 'Hardcover', 'Book', 'Huge', 'Digital', NULL, NULL, NULL, NULL, NULL, NULL, NULL, '2019-12-14 16:05:28', '2019-12-14 16:05:28', NULL, NULL, NULL, NULL),
(36, NULL, NULL, NULL, 38, NULL, 'ACCOUNTANCY 2 - F6 - 2012', 'PAST PAPER', NULL, NULL, 2012, NULL, NULL, NULL, 0, 0, NULL, 'Hardcover', 'Book', 'Huge', 'Digital', NULL, NULL, NULL, NULL, NULL, NULL, NULL, '2019-12-14 16:06:23', '2019-12-14 16:05:44', NULL, NULL, NULL, NULL),
(37, NULL, NULL, NULL, 39, NULL, 'MWONGOZO WA EDK F 3 NOTES', 'NOTES', NULL, NULL, NULL, NULL, NULL, NULL, 0, 0, NULL, 'Hardcover', 'Book', 'Huge', 'Digital', NULL, NULL, NULL, NULL, NULL, NULL, NULL, '2019-12-14 16:06:56', '2019-12-14 16:06:56', NULL, NULL, NULL, NULL),
(38, NULL, NULL, NULL, 40, NULL, 'ACCOUNTANCY 2 - F6 - 2016', 'PAST PAPER', NULL, NULL, 2016, NULL, NULL, NULL, 0, 0, NULL, 'Hardcover', 'Book', 'Huge', 'Digital', NULL, NULL, NULL, NULL, NULL, NULL, NULL, '2019-12-14 16:08:04', '2019-12-14 16:07:39', NULL, NULL, NULL, NULL),
(39, NULL, NULL, NULL, 41, NULL, 'ACCOUNTANCY 2 - F6 - 2018', 'PAST PAPER', NULL, NULL, 2018, NULL, NULL, NULL, 0, 0, NULL, 'Hardcover', 'Book', 'Huge', 'Digital', NULL, NULL, NULL, NULL, NULL, NULL, NULL, '2019-12-14 16:09:06', '2019-12-14 16:08:40', NULL, NULL, NULL, NULL),
(40, NULL, NULL, NULL, 42, NULL, 'MWONGOZO WA EDK F 4 NOTES', 'NOTES', NULL, NULL, NULL, NULL, NULL, NULL, 0, 0, NULL, 'Hardcover', 'Book', 'Huge', 'Digital', NULL, NULL, NULL, NULL, NULL, NULL, NULL, '2019-12-14 16:08:45', '2019-12-14 16:08:45', NULL, NULL, NULL, NULL),
(41, NULL, NULL, NULL, 43, NULL, 'ADDITIONAL MATH 1999', 'PAST PAPER', NULL, NULL, 1999, NULL, NULL, NULL, 0, 0, NULL, 'Hardcover', 'Book', 'Huge', 'Digital', NULL, NULL, NULL, NULL, NULL, NULL, NULL, '2019-12-14 16:10:16', '2019-12-14 16:10:16', NULL, NULL, NULL, NULL),
(42, NULL, NULL, NULL, 44, NULL, 'ENGLISH LANGUAGE F 1 NOTES', 'NOTES', NULL, NULL, NULL, NULL, NULL, NULL, 0, 0, NULL, 'Hardcover', 'Book', 'Huge', 'Digital', NULL, NULL, NULL, NULL, NULL, NULL, NULL, '2019-12-14 16:10:30', '2019-12-14 16:10:30', NULL, NULL, NULL, NULL),
(43, NULL, NULL, NULL, 45, NULL, 'ADDITIONAL MATH 2000', 'PAST PAPER', NULL, NULL, 2000, NULL, NULL, NULL, 0, 0, NULL, 'Hardcover', 'Book', 'Huge', 'Digital', NULL, NULL, NULL, NULL, NULL, NULL, NULL, '2019-12-14 16:11:18', '2019-12-14 16:10:49', NULL, NULL, NULL, NULL),
(44, NULL, NULL, NULL, 46, NULL, 'ENGLISH LANGUAGES F2 NOTES', 'NOTES', NULL, NULL, NULL, NULL, NULL, NULL, 0, 0, NULL, 'Hardcover', 'Book', 'Huge', 'Digital', NULL, NULL, NULL, NULL, NULL, NULL, NULL, '2019-12-14 16:11:33', '2019-12-14 16:11:33', NULL, NULL, NULL, NULL),
(45, NULL, NULL, NULL, 47, NULL, 'ADDITIONAL MATH - F4- 2015', 'PAST PAPER', NULL, NULL, 2015, NULL, NULL, NULL, 0, 0, NULL, 'Hardcover', 'Book', 'Huge', 'Digital', NULL, NULL, NULL, NULL, NULL, NULL, NULL, '2019-12-14 16:12:33', '2019-12-14 16:12:33', NULL, NULL, NULL, NULL),
(46, NULL, NULL, NULL, 48, NULL, 'ADVANCED MATH 1 - 2001', 'PAST PAPER', NULL, NULL, 2001, NULL, NULL, NULL, 0, 0, NULL, 'Hardcover', 'Book', 'Huge', 'Digital', NULL, NULL, NULL, NULL, NULL, NULL, NULL, '2019-12-14 16:13:27', '2019-12-14 16:13:27', NULL, NULL, NULL, NULL),
(47, NULL, NULL, NULL, 49, NULL, 'ENGLISH LANGUAGE F 3 NOTES', 'NOTES', NULL, NULL, NULL, NULL, NULL, NULL, 0, 0, NULL, 'Hardcover', 'Book', 'Huge', 'Digital', NULL, NULL, NULL, NULL, NULL, NULL, NULL, '2019-12-14 16:14:17', '2019-12-14 16:14:17', NULL, NULL, NULL, NULL),
(48, NULL, NULL, NULL, 50, NULL, 'ADVANCED MATH 1 - 2002', 'PAST PAPER', NULL, NULL, 2002, NULL, NULL, NULL, 0, 0, NULL, 'Hardcover', 'Book', 'Huge', 'Digital', NULL, NULL, NULL, NULL, NULL, NULL, NULL, '2019-12-14 16:14:57', '2019-12-14 16:14:22', NULL, NULL, NULL, NULL),
(49, NULL, NULL, NULL, 51, NULL, 'ADVANCED MATH 1 - 2003', 'PAST PAPER', NULL, NULL, 2003, NULL, NULL, NULL, 0, 0, NULL, 'Hardcover', 'Book', 'Huge', 'Digital', NULL, NULL, NULL, NULL, NULL, NULL, NULL, '2019-12-14 16:16:39', '2019-12-14 16:16:39', NULL, NULL, NULL, NULL),
(50, NULL, NULL, NULL, 53, NULL, 'ENGLISH LANGUAGE F 4 NOTES', 'NOTES', NULL, NULL, NULL, NULL, NULL, NULL, 0, 0, NULL, 'Hardcover', 'Book', 'Huge', 'Digital', NULL, NULL, NULL, NULL, NULL, NULL, NULL, '2019-12-14 16:17:15', '2019-12-14 16:17:15', NULL, NULL, NULL, NULL),
(51, NULL, NULL, NULL, 52, NULL, 'ADVANCED  MATH 1 - F6 - 2004', 'PAST PAPER', NULL, NULL, 2004, NULL, NULL, NULL, 0, 0, NULL, 'Hardcover', 'Book', 'Huge', 'Digital', NULL, NULL, NULL, NULL, NULL, NULL, NULL, '2019-12-14 16:17:39', '2019-12-14 16:17:39', NULL, NULL, NULL, NULL),
(52, NULL, NULL, NULL, 54, NULL, 'ADVANCED MATH - F6 - 2005', 'PAST PAPER', NULL, NULL, 2005, NULL, NULL, NULL, 0, 0, NULL, 'Hardcover', 'Book', 'Huge', 'Digital', NULL, NULL, NULL, NULL, NULL, NULL, NULL, '2019-12-14 16:19:05', '2019-12-14 16:18:21', NULL, NULL, NULL, NULL),
(53, NULL, NULL, NULL, 55, NULL, 'ADVANCED MATH - F6 - 2006', 'PAST PAPER', NULL, NULL, 2006, NULL, NULL, NULL, 0, 0, NULL, 'Hardcover', 'Book', 'Huge', 'Digital', NULL, NULL, NULL, NULL, NULL, NULL, NULL, '2019-12-14 16:20:08', '2019-12-14 16:19:26', NULL, NULL, NULL, NULL),
(54, NULL, NULL, NULL, 56, NULL, 'GEOGRAPHY F 1 NOTES', 'NOTES', NULL, NULL, NULL, NULL, NULL, NULL, 0, 0, NULL, 'Hardcover', 'Book', 'Huge', 'Digital', NULL, NULL, NULL, NULL, NULL, NULL, NULL, '2019-12-14 16:20:01', '2019-12-14 16:20:01', NULL, NULL, NULL, NULL),
(55, NULL, NULL, NULL, 57, NULL, 'ADVANCED MATH 1 - F6 - 2007', 'PAST PAPER', NULL, NULL, 2007, NULL, NULL, NULL, 0, 0, NULL, 'Hardcover', 'Book', 'Huge', 'Digital', NULL, NULL, NULL, NULL, NULL, NULL, NULL, '2019-12-14 16:21:33', '2019-12-14 16:20:41', NULL, NULL, NULL, NULL),
(56, NULL, NULL, NULL, 58, NULL, 'ADVANCED MATH - F6 - 2012', 'PAST PAPER', NULL, NULL, 2012, NULL, NULL, NULL, 0, 0, NULL, 'Hardcover', 'Book', 'Huge', 'Digital', NULL, NULL, NULL, NULL, NULL, NULL, NULL, '2019-12-14 16:24:01', '2019-12-14 16:23:02', NULL, NULL, NULL, NULL),
(57, NULL, NULL, NULL, 59, NULL, 'GEOGRAPHY F 2 NOTES', 'NOTES', NULL, NULL, NULL, NULL, NULL, NULL, 0, 0, NULL, 'Hardcover', 'Book', 'Huge', 'Digital', NULL, NULL, NULL, NULL, NULL, NULL, NULL, '2019-12-14 16:24:01', '2019-12-14 16:24:01', NULL, NULL, NULL, NULL),
(58, NULL, NULL, NULL, 60, NULL, 'ADVANCED MATH 1 - F6 - 2013', 'PAST PAPER', NULL, NULL, 2013, NULL, NULL, NULL, 0, 0, NULL, 'Hardcover', 'Book', 'Huge', 'Digital', NULL, NULL, NULL, NULL, NULL, NULL, NULL, '2019-12-14 16:24:54', '2019-12-14 16:24:54', NULL, NULL, NULL, NULL),
(59, NULL, NULL, NULL, 61, NULL, 'ADVANCED MATH 1 - F6 - 2014', 'PAST PAPER', NULL, NULL, 2014, NULL, NULL, NULL, 0, 0, NULL, 'Hardcover', 'Book', 'Huge', 'Digital', NULL, NULL, NULL, NULL, NULL, NULL, NULL, '2019-12-14 16:25:55', '2019-12-14 16:25:23', NULL, NULL, NULL, NULL),
(60, NULL, NULL, NULL, 62, NULL, 'GEOGRAPHY F 3 NOTES', 'NOTES', NULL, NULL, NULL, NULL, NULL, NULL, 0, 0, NULL, 'Hardcover', 'Book', 'Huge', 'Digital', NULL, NULL, NULL, NULL, NULL, NULL, NULL, '2019-12-14 16:25:45', '2019-12-14 16:25:45', NULL, NULL, NULL, NULL),
(61, NULL, NULL, NULL, 64, NULL, 'GEOGRAPHY F 4 NOTES', 'NOTES', NULL, NULL, NULL, NULL, NULL, NULL, 0, 0, NULL, 'Hardcover', 'Book', 'Huge', 'Digital', NULL, NULL, NULL, NULL, NULL, NULL, NULL, '2019-12-14 16:26:57', '2019-12-14 16:26:57', NULL, NULL, NULL, NULL),
(62, NULL, NULL, NULL, 63, NULL, 'ADVANCED MATH 1 - F6 - 2015', NULL, NULL, NULL, 2015, NULL, NULL, NULL, 0, 0, NULL, 'Hardcover', 'Book', 'Huge', 'Digital', NULL, NULL, NULL, NULL, NULL, NULL, NULL, '2019-12-14 16:27:00', '2019-12-14 16:27:00', NULL, NULL, NULL, NULL),
(63, NULL, NULL, NULL, 65, NULL, 'ADVANCED MATH 1 - F6 - 2016', 'PAST PAPER', NULL, NULL, 2016, NULL, NULL, NULL, 0, 0, NULL, 'Hardcover', 'Book', 'Huge', 'Digital', NULL, NULL, NULL, NULL, NULL, NULL, NULL, '2019-12-14 16:28:01', '2019-12-14 16:27:27', NULL, NULL, NULL, NULL),
(64, NULL, NULL, NULL, 66, NULL, 'HISTORY F 1 NOTES', 'NOTES', NULL, NULL, NULL, NULL, NULL, NULL, 0, 0, NULL, 'Hardcover', 'Book', 'Huge', 'Digital', NULL, NULL, NULL, NULL, NULL, NULL, NULL, '2019-12-14 16:27:54', '2019-12-14 16:27:54', NULL, NULL, NULL, NULL),
(65, NULL, NULL, NULL, 68, NULL, 'HISTORY F 2 NOTES', 'NOTES', NULL, NULL, NULL, NULL, NULL, NULL, 0, 0, NULL, 'Hardcover', 'Book', 'Huge', 'Digital', NULL, NULL, NULL, NULL, NULL, NULL, NULL, '2019-12-14 16:28:55', '2019-12-14 16:28:55', NULL, NULL, NULL, NULL),
(66, NULL, NULL, NULL, 67, NULL, 'ADVANCED MATH 1 - F6 - 2017', 'PAST PAPER', NULL, NULL, 2017, NULL, NULL, NULL, 0, 0, NULL, 'Hardcover', 'Book', 'Huge', 'Digital', NULL, NULL, NULL, NULL, NULL, NULL, NULL, '2019-12-14 16:29:01', '2019-12-14 16:29:01', NULL, NULL, NULL, NULL),
(67, NULL, NULL, NULL, 69, NULL, 'ADVANCED MATH 1 - F6 - 2018', 'PAST PAPER', NULL, NULL, 2018, NULL, NULL, NULL, 0, 0, NULL, 'Hardcover', 'Book', 'Huge', 'Digital', NULL, NULL, NULL, NULL, NULL, NULL, NULL, '2019-12-14 16:30:39', '2019-12-14 16:30:39', NULL, NULL, NULL, NULL),
(68, NULL, NULL, NULL, 70, NULL, 'ADVANCED MATH 1 - F6 - 2019', NULL, NULL, NULL, 2019, NULL, NULL, NULL, 0, 0, NULL, 'Hardcover', 'Book', 'Huge', 'Digital', NULL, NULL, NULL, NULL, NULL, NULL, NULL, '2019-12-14 16:31:27', '2019-12-14 16:30:52', NULL, NULL, NULL, NULL),
(69, NULL, NULL, NULL, 71, NULL, 'HISTORY F 3 NOTES', 'NOTES', NULL, NULL, NULL, NULL, NULL, NULL, 0, 0, NULL, 'Hardcover', 'Book', 'Huge', 'Digital', NULL, NULL, NULL, NULL, NULL, NULL, NULL, '2019-12-14 16:30:54', '2019-12-14 16:30:54', NULL, NULL, NULL, NULL),
(70, NULL, NULL, NULL, 72, NULL, 'ADVANCED MATH 2 - 2001', 'PAST PAPER', NULL, NULL, 2001, NULL, NULL, NULL, 0, 0, NULL, 'Hardcover', 'Book', 'Huge', 'Digital', NULL, NULL, NULL, NULL, NULL, NULL, NULL, '2019-12-14 16:32:44', '2019-12-14 16:31:57', NULL, NULL, NULL, NULL),
(71, NULL, NULL, NULL, 73, NULL, 'HISTORY F4 NOTES', 'NOTES', NULL, NULL, NULL, NULL, NULL, NULL, 0, 0, NULL, 'Hardcover', 'Book', 'Huge', 'Digital', NULL, NULL, NULL, NULL, NULL, NULL, NULL, '2019-12-14 16:31:57', '2019-12-14 16:31:57', NULL, NULL, NULL, NULL),
(72, NULL, NULL, NULL, 74, NULL, 'ADAVNCED MATH 2 - 2002', 'PAST PAPER', NULL, NULL, 2002, NULL, NULL, NULL, 0, 0, NULL, 'Hardcover', 'Book', 'Huge', 'Digital', NULL, NULL, NULL, NULL, NULL, NULL, NULL, '2019-12-14 16:34:04', '2019-12-14 16:33:19', NULL, NULL, NULL, NULL),
(73, NULL, NULL, NULL, 75, NULL, 'A', NULL, NULL, NULL, NULL, NULL, NULL, NULL, 0, 0, NULL, 'Hardcover', 'Book', 'Huge', 'Digital', NULL, NULL, NULL, NULL, NULL, NULL, NULL, '2019-12-14 16:34:24', '2019-12-14 16:34:24', NULL, NULL, NULL, NULL),
(74, NULL, NULL, NULL, 76, NULL, 'KISWAHILI F 1 NOTES', 'NOTES', NULL, NULL, NULL, NULL, NULL, NULL, 0, 0, NULL, 'Hardcover', 'Book', 'Huge', 'Digital', NULL, NULL, NULL, NULL, NULL, NULL, NULL, '2019-12-14 16:35:48', '2019-12-14 16:35:48', NULL, NULL, NULL, NULL),
(75, NULL, NULL, NULL, 77, NULL, 'KISWAHILI F2 NOTES', 'NOTES', NULL, NULL, NULL, NULL, NULL, NULL, 0, 0, NULL, 'Hardcover', 'Book', 'Huge', 'Digital', NULL, NULL, NULL, NULL, NULL, NULL, NULL, '2019-12-14 16:37:14', '2019-12-14 16:37:14', NULL, NULL, NULL, NULL),
(76, NULL, NULL, NULL, 78, NULL, 'KISWAHILI F3 NOTES', 'NOTES', NULL, NULL, NULL, NULL, NULL, NULL, 0, 0, NULL, 'Hardcover', 'Book', 'Huge', 'Digital', NULL, NULL, NULL, NULL, NULL, NULL, NULL, '2019-12-14 16:38:23', '2019-12-14 16:38:23', NULL, NULL, NULL, NULL),
(77, NULL, NULL, NULL, 79, NULL, 'ADVANCED MATH 2 - 2003', 'PAST PAPER', NULL, NULL, 2003, NULL, NULL, NULL, 0, 0, NULL, 'Hardcover', 'Book', 'Huge', 'Digital', NULL, NULL, NULL, NULL, NULL, NULL, NULL, '2019-12-14 16:43:22', '2019-12-14 16:42:50', NULL, NULL, NULL, NULL),
(78, NULL, NULL, NULL, 80, NULL, 'KISWAHILI F4 NOTES', 'NOTES', NULL, NULL, NULL, NULL, NULL, NULL, 0, 0, NULL, 'Hardcover', 'Book', 'Huge', 'Digital', NULL, NULL, NULL, NULL, NULL, NULL, NULL, '2019-12-14 16:43:01', '2019-12-14 16:43:01', NULL, NULL, NULL, NULL),
(79, NULL, NULL, NULL, 81, NULL, 'ANALYSIS OF LITERATURE WORKS', 'NOTES', NULL, NULL, NULL, NULL, NULL, NULL, 0, 0, NULL, 'Hardcover', 'Book', 'Huge', 'Digital', NULL, NULL, NULL, NULL, NULL, NULL, NULL, '2019-12-14 16:44:13', '2019-12-14 16:44:13', NULL, NULL, NULL, NULL),
(80, NULL, NULL, NULL, 83, NULL, 'LITERATURE IN ENGLISH LESSONS NOTES', 'NOTES', NULL, NULL, NULL, NULL, NULL, NULL, 0, 0, NULL, 'Hardcover', 'Book', 'Huge', 'Digital', NULL, NULL, NULL, NULL, NULL, NULL, NULL, '2019-12-14 16:45:04', '2019-12-14 16:45:04', NULL, NULL, NULL, NULL),
(81, NULL, NULL, NULL, 82, NULL, 'ADVANCED MATH 2 - F6 - 2004', 'PAST PAPER', NULL, NULL, 2004, NULL, NULL, NULL, 0, 0, NULL, 'Hardcover', 'Book', 'Huge', 'Digital', NULL, NULL, NULL, NULL, NULL, NULL, NULL, '2019-12-14 16:45:09', '2019-12-14 16:45:09', NULL, NULL, NULL, NULL),
(82, NULL, NULL, NULL, 84, NULL, 'MATHEMATICS F1 NOTES', 'NOTES', NULL, NULL, NULL, NULL, NULL, NULL, 0, 0, NULL, 'Hardcover', 'Book', 'Huge', 'Digital', NULL, NULL, NULL, NULL, NULL, NULL, NULL, '2019-12-14 16:46:12', '2019-12-14 16:46:12', NULL, NULL, NULL, NULL),
(83, NULL, NULL, NULL, 85, NULL, 'ADVANCED MATH 2 - F6 - 2006', 'PAST PAPER', NULL, NULL, 2006, NULL, NULL, NULL, 0, 0, NULL, 'Hardcover', 'Book', 'Huge', 'Digital', NULL, NULL, NULL, NULL, NULL, NULL, NULL, '2019-12-14 16:47:23', '2019-12-14 16:46:52', NULL, NULL, NULL, NULL),
(84, NULL, NULL, NULL, 86, NULL, 'MATHEMATICS F2 NOTES', 'NOTES', NULL, NULL, NULL, NULL, NULL, NULL, 0, 0, NULL, 'Hardcover', 'Book', 'Huge', 'Digital', NULL, NULL, NULL, NULL, NULL, NULL, NULL, '2019-12-14 16:47:11', '2019-12-14 16:47:11', NULL, NULL, NULL, NULL),
(85, NULL, NULL, NULL, 87, NULL, 'ADVANCED MATH 2 - F6 - 2011', 'PAST PAPER', NULL, NULL, 2011, NULL, NULL, NULL, 0, 0, NULL, 'Hardcover', 'Book', 'Huge', 'Digital', NULL, NULL, NULL, NULL, NULL, NULL, NULL, '2019-12-14 16:48:26', '2019-12-14 16:47:53', NULL, NULL, NULL, NULL),
(86, NULL, NULL, NULL, 88, NULL, 'ADVANCED MATH 2 - F6 - 2013', 'PAST PAPER', NULL, NULL, 2013, NULL, NULL, NULL, 0, 0, NULL, 'Hardcover', 'Book', 'Huge', 'Digital', NULL, NULL, NULL, NULL, NULL, NULL, NULL, '2019-12-14 16:49:08', '2019-12-14 16:48:41', NULL, NULL, NULL, NULL),
(87, NULL, NULL, NULL, 89, NULL, 'MATHEMATICS F3 NOTES', 'NOTES', NULL, NULL, NULL, NULL, NULL, NULL, 0, 0, NULL, 'Hardcover', 'Book', 'Huge', 'Digital', NULL, NULL, NULL, NULL, NULL, NULL, NULL, '2019-12-14 16:49:17', '2019-12-14 16:49:17', NULL, NULL, NULL, NULL),
(88, NULL, NULL, NULL, 90, NULL, 'ADVANCED MATH 2 - F6 - 2014', 'PAST PAPER', NULL, NULL, 2014, NULL, NULL, NULL, 0, 0, NULL, 'Hardcover', 'Book', 'Huge', 'Digital', NULL, NULL, NULL, NULL, NULL, NULL, NULL, '2019-12-14 16:50:05', '2019-12-14 16:49:40', NULL, NULL, NULL, NULL),
(89, NULL, NULL, NULL, 91, NULL, 'MATHEMATICS F4 NOTES', 'NOTES', NULL, NULL, NULL, NULL, NULL, NULL, 0, 0, NULL, 'Hardcover', 'Book', 'Huge', 'Digital', NULL, NULL, NULL, NULL, NULL, NULL, NULL, '2019-12-14 16:50:12', '2019-12-14 16:50:12', NULL, NULL, NULL, NULL),
(90, NULL, NULL, NULL, 92, NULL, 'ADVANCED MATH 2 - F6 - 2015', 'PAST PAPER', NULL, NULL, 2015, NULL, NULL, NULL, 0, 0, NULL, 'Hardcover', 'Book', 'Huge', 'Digital', NULL, NULL, NULL, NULL, NULL, NULL, NULL, '2019-12-14 16:50:55', '2019-12-14 16:50:27', NULL, NULL, NULL, NULL),
(91, NULL, NULL, NULL, 93, NULL, 'ADVANCED MATH 2 - F6 - 2016', NULL, NULL, NULL, 2016, NULL, NULL, NULL, 0, 0, NULL, 'Hardcover', 'Book', 'Huge', 'Digital', NULL, NULL, NULL, NULL, NULL, NULL, NULL, '2019-12-14 16:51:47', '2019-12-14 16:51:47', NULL, NULL, NULL, NULL),
(92, NULL, NULL, NULL, 94, NULL, 'ADVANCED MATH 2 - F6 - 2017', 'PAST PAPER', NULL, NULL, 2017, NULL, NULL, NULL, 0, 0, NULL, 'Hardcover', 'Book', 'Huge', 'Digital', NULL, NULL, NULL, NULL, NULL, NULL, NULL, '2019-12-14 16:52:28', '2019-12-14 16:51:57', NULL, NULL, NULL, NULL),
(93, NULL, NULL, NULL, 95, NULL, 'ADVANCED MATH 2 - F6 - 2018', 'PAST PAPER', NULL, NULL, 2018, NULL, NULL, NULL, 0, 0, NULL, 'Hardcover', 'Book', 'Huge', 'Digital', NULL, NULL, NULL, NULL, NULL, NULL, NULL, '2019-12-14 16:53:22', '2019-12-14 16:52:50', NULL, NULL, NULL, NULL),
(94, NULL, NULL, NULL, 96, NULL, 'ADVANCED MATH 2 - F6 - 2019', 'PAST PAPER', NULL, NULL, 2019, NULL, NULL, NULL, 0, 0, NULL, 'Hardcover', 'Book', 'Huge', 'Digital', NULL, NULL, NULL, NULL, NULL, NULL, NULL, '2019-12-14 16:54:39', '2019-12-14 16:53:58', NULL, NULL, NULL, NULL),
(95, NULL, NULL, NULL, 97, NULL, 'MATHEMATICAL TABLE - 4 FIGURE', 'NOTES', NULL, NULL, NULL, NULL, NULL, NULL, 0, 0, NULL, 'Hardcover', 'Book', 'Huge', 'Digital', NULL, NULL, NULL, NULL, NULL, NULL, NULL, '2019-12-14 16:54:34', '2019-12-14 16:54:34', NULL, NULL, NULL, NULL),
(96, NULL, NULL, NULL, 98, NULL, 'AGRICULTURE - F2 - 2008', 'PAST PAPER', NULL, NULL, 2008, NULL, NULL, NULL, 0, 0, NULL, 'Hardcover', 'Book', 'Huge', 'Digital', NULL, NULL, NULL, NULL, NULL, NULL, NULL, '2019-12-14 16:55:32', '2019-12-14 16:55:05', NULL, NULL, NULL, NULL),
(97, NULL, NULL, NULL, 99, NULL, 'PHYSICS F 1 NOTES', 'NOTES', NULL, NULL, NULL, NULL, NULL, NULL, 0, 0, NULL, 'Hardcover', 'Book', 'Huge', 'Digital', NULL, NULL, NULL, NULL, NULL, NULL, NULL, '2019-12-14 16:55:25', '2019-12-14 16:55:25', NULL, NULL, NULL, NULL),
(98, NULL, NULL, NULL, 100, NULL, 'AGRICULTURE - F2 - 2009', 'PAST PAPER', NULL, NULL, 2009, NULL, NULL, NULL, 0, 0, NULL, 'Hardcover', 'Book', 'Huge', 'Digital', NULL, NULL, NULL, NULL, NULL, NULL, NULL, '2019-12-14 16:56:27', '2019-12-14 16:56:27', NULL, NULL, NULL, NULL),
(99, NULL, NULL, NULL, 101, NULL, 'PHYSICS F2 NOTES', 'NOTES', NULL, NULL, NULL, NULL, NULL, NULL, 0, 0, NULL, 'Hardcover', 'Book', 'Huge', 'Digital', NULL, NULL, NULL, NULL, NULL, NULL, NULL, '2019-12-14 16:56:30', '2019-12-14 16:56:30', NULL, NULL, NULL, NULL),
(100, NULL, NULL, NULL, 102, NULL, 'AGRICULTURE - F2 - 2010', 'PAST PAPER', NULL, NULL, 2010, NULL, NULL, NULL, 0, 0, NULL, 'Hardcover', 'Book', 'Huge', 'Digital', NULL, NULL, NULL, NULL, NULL, NULL, NULL, '2019-12-14 16:57:57', '2019-12-14 16:57:32', NULL, NULL, NULL, NULL),
(101, NULL, NULL, NULL, 103, NULL, 'PHYSICS F3 NOTES', 'NOTES', NULL, NULL, NULL, NULL, NULL, NULL, 0, 0, NULL, 'Hardcover', 'Book', 'Huge', 'Digital', NULL, NULL, NULL, NULL, NULL, NULL, NULL, '2019-12-14 16:57:55', '2019-12-14 16:57:55', NULL, NULL, NULL, NULL),
(102, NULL, NULL, NULL, 104, NULL, 'AGRICULTURE - F2 - 2011', 'PAST PAPER', NULL, NULL, 2011, NULL, NULL, NULL, 0, 0, NULL, 'Hardcover', 'Book', 'Huge', 'Digital', NULL, NULL, NULL, NULL, NULL, NULL, NULL, '2019-12-14 16:59:05', '2019-12-14 16:58:40', NULL, NULL, NULL, NULL),
(103, NULL, NULL, NULL, 105, NULL, 'AGRICULTURE - F2 - 2012', 'PAST PAPER', NULL, NULL, 2012, NULL, NULL, NULL, 0, 0, NULL, 'Hardcover', 'Book', 'Huge', 'Digital', NULL, NULL, NULL, NULL, NULL, NULL, NULL, '2019-12-14 16:59:59', '2019-12-14 16:59:31', NULL, NULL, NULL, NULL),
(104, NULL, NULL, NULL, 106, NULL, 'PHYSICS F4 NOTES', 'NOTES', NULL, NULL, NULL, NULL, NULL, NULL, 0, 0, NULL, 'Hardcover', 'Book', 'Huge', 'Digital', NULL, NULL, NULL, NULL, NULL, NULL, NULL, '2019-12-14 17:02:33', '2019-12-14 16:59:53', NULL, NULL, NULL, NULL),
(105, NULL, NULL, NULL, 107, NULL, 'AGRICULTURE - F2 - 2013', 'PAST PAPER', NULL, NULL, 2013, NULL, NULL, NULL, 0, 0, NULL, 'Hardcover', 'Book', 'Huge', 'Digital', NULL, NULL, NULL, NULL, NULL, NULL, NULL, '2019-12-14 17:01:27', '2019-12-14 17:00:51', NULL, NULL, NULL, NULL),
(106, NULL, NULL, NULL, 108, NULL, 'AGRICULTURE - F2 - 2014', 'PAST PAPER', NULL, NULL, 2014, NULL, NULL, NULL, 0, 0, NULL, 'Hardcover', 'Book', 'Huge', 'Digital', NULL, NULL, NULL, NULL, NULL, NULL, NULL, '2019-12-14 17:02:21', '2019-12-14 17:01:41', NULL, NULL, NULL, NULL),
(107, NULL, NULL, NULL, 109, NULL, 'AGRICULTURE - F2 - 2015', 'PAST PAPER', NULL, NULL, 2015, NULL, NULL, NULL, 0, 0, NULL, 'Hardcover', 'Book', 'Huge', 'Digital', NULL, NULL, NULL, NULL, NULL, NULL, NULL, '2019-12-14 17:04:27', '2019-12-14 17:03:58', NULL, NULL, NULL, NULL),
(108, NULL, NULL, NULL, 110, NULL, 'AGRICULTURE - F2 - 2016', 'PAST PAPER', NULL, NULL, 2016, NULL, NULL, NULL, 0, 0, NULL, 'Hardcover', 'Book', 'Huge', 'Digital', NULL, NULL, NULL, NULL, NULL, NULL, NULL, '2019-12-14 17:06:07', '2019-12-14 17:05:34', NULL, NULL, NULL, NULL),
(109, NULL, NULL, NULL, 111, NULL, 'AGRICULTURE - F2 - 2017', 'PAST PAPER', NULL, NULL, 2017, NULL, NULL, NULL, 0, 0, NULL, 'Hardcover', 'Book', 'Huge', 'Digital', NULL, NULL, NULL, NULL, NULL, NULL, NULL, '2019-12-14 17:07:07', '2019-12-14 17:06:21', NULL, NULL, NULL, NULL),
(110, NULL, NULL, NULL, 112, NULL, 'AGRICULTURE - F2 - 2018', 'PAST PAPER', NULL, NULL, 2018, NULL, NULL, NULL, 0, 0, NULL, 'Hardcover', 'Book', 'Huge', 'Digital', NULL, NULL, NULL, NULL, NULL, NULL, NULL, '2019-12-14 17:09:45', '2019-12-14 17:09:01', NULL, NULL, NULL, NULL),
(111, NULL, NULL, NULL, 113, NULL, 'AGRICULTURE 1 - F4 - 1993', 'PAST PAPER', NULL, NULL, 1993, NULL, NULL, NULL, 0, 0, NULL, 'Hardcover', 'Book', 'Huge', 'Digital', NULL, NULL, NULL, NULL, NULL, NULL, NULL, '2019-12-14 17:10:52', '2019-12-14 17:10:52', NULL, NULL, NULL, NULL),
(112, NULL, NULL, NULL, 114, NULL, 'AGRICULTURE 1 - F4 - 1994', 'PAST PAPER', NULL, NULL, 1994, NULL, NULL, NULL, 0, 0, NULL, 'Hardcover', 'Book', 'Huge', 'Digital', NULL, NULL, NULL, NULL, NULL, NULL, NULL, '2019-12-14 17:15:40', '2019-12-14 17:15:40', NULL, NULL, NULL, NULL),
(113, NULL, NULL, NULL, 115, NULL, 'AGRICULTURE 1 - F4 - 1997', 'PAST PAPER', NULL, NULL, 1997, NULL, NULL, NULL, 0, 0, NULL, 'Hardcover', 'Book', 'Huge', 'Digital', NULL, NULL, NULL, NULL, NULL, NULL, NULL, '2019-12-14 17:19:34', '2019-12-14 17:19:34', NULL, NULL, NULL, NULL),
(114, NULL, NULL, NULL, 116, NULL, 'AGRICULTURE 1 - F4 - 2004', 'PAST PAPER', NULL, NULL, 2004, NULL, NULL, NULL, 0, 0, NULL, 'Hardcover', 'Book', 'Huge', 'Digital', NULL, NULL, NULL, NULL, NULL, NULL, NULL, '2019-12-14 17:25:03', '2019-12-14 17:25:03', NULL, NULL, NULL, NULL),
(115, NULL, NULL, NULL, 117, NULL, 'AGRICULTURE 1 - F4 - 2006', 'PAST PAPER', NULL, NULL, 2006, NULL, NULL, NULL, 0, 0, NULL, 'Hardcover', 'Book', 'Huge', 'Digital', NULL, NULL, NULL, NULL, NULL, NULL, NULL, '2019-12-14 17:33:21', '2019-12-14 17:33:21', NULL, NULL, NULL, NULL),
(116, NULL, NULL, NULL, 118, NULL, 'COMMERCE - F4 -2012', 'PAST PAPER', NULL, NULL, 2012, NULL, NULL, NULL, 0, 0, NULL, 'Hardcover', 'Book', 'Huge', 'Digital', NULL, NULL, NULL, NULL, NULL, NULL, NULL, '2019-12-14 17:33:48', '2019-12-14 17:33:48', NULL, NULL, NULL, NULL),
(117, NULL, NULL, NULL, 119, NULL, 'AGRICULTURE - F4 - 2011', 'PAST PAPER', NULL, NULL, 2011, NULL, NULL, NULL, 0, 0, NULL, 'Hardcover', 'Book', 'Huge', 'Digital', NULL, NULL, NULL, NULL, NULL, NULL, NULL, '2019-12-14 17:34:33', '2019-12-14 17:33:58', NULL, NULL, NULL, NULL),
(118, NULL, NULL, NULL, 121, NULL, 'AGRICULTURE 1 - F4 - 2012', 'PAST PAPER', NULL, NULL, 2012, NULL, NULL, NULL, 0, 0, NULL, 'Hardcover', 'Book', 'Huge', 'Digital', NULL, NULL, NULL, NULL, NULL, NULL, NULL, '2019-12-14 17:35:43', '2019-12-14 17:34:48', NULL, NULL, NULL, NULL),
(119, NULL, NULL, NULL, 122, NULL, 'AGRICULTURE 1 - F4 - 2013', 'PAST PAPER', NULL, NULL, 2013, NULL, NULL, NULL, 0, 0, NULL, 'Hardcover', 'Book', 'Huge', 'Digital', NULL, NULL, NULL, NULL, NULL, NULL, NULL, '2019-12-14 17:36:44', '2019-12-14 17:36:44', NULL, NULL, NULL, NULL),
(120, NULL, NULL, NULL, 123, NULL, 'AGRICULTURE - F4 - 2014', NULL, NULL, NULL, 2014, NULL, NULL, NULL, 0, 0, NULL, 'Hardcover', 'Book', 'Huge', 'Digital', NULL, NULL, NULL, NULL, NULL, NULL, NULL, '2019-12-14 17:37:37', '2019-12-14 17:37:37', NULL, NULL, NULL, NULL),
(121, NULL, NULL, NULL, 124, NULL, 'AGRICULTURE - F4 - 2015', 'PAST PAPER', NULL, NULL, 2015, NULL, NULL, NULL, 0, 0, NULL, 'Hardcover', 'Book', 'Huge', 'Digital', NULL, NULL, NULL, NULL, NULL, NULL, NULL, '2019-12-14 17:38:45', '2019-12-14 17:37:59', NULL, NULL, NULL, NULL),
(122, NULL, NULL, NULL, 120, NULL, 'COMMERCE -F4 - 2013', 'PAST PAPER', NULL, NULL, 2013, NULL, NULL, NULL, 0, 0, NULL, 'Hardcover', 'Book', 'Huge', 'Digital', NULL, NULL, NULL, NULL, NULL, NULL, NULL, '2019-12-14 17:49:07', '2019-12-14 17:39:10', NULL, NULL, NULL, NULL),
(123, NULL, NULL, NULL, 126, NULL, 'AGRICULTURE 1 - F4 - 2016', 'PAST PAPER', NULL, NULL, 2016, NULL, NULL, NULL, 0, 0, NULL, 'Hardcover', 'Book', 'Huge', 'Digital', NULL, NULL, NULL, NULL, NULL, NULL, NULL, '2019-12-14 17:41:18', '2019-12-14 17:41:18', NULL, NULL, NULL, NULL),
(124, NULL, NULL, NULL, 127, NULL, 'AGRICULTURE - F4 - 2017', 'PAST PAPER', NULL, NULL, 2017, NULL, NULL, NULL, 0, 0, NULL, 'Hardcover', 'Book', 'Huge', 'Digital', NULL, NULL, NULL, NULL, NULL, NULL, NULL, '2019-12-14 17:42:14', '2019-12-14 17:41:43', NULL, NULL, NULL, NULL),
(125, NULL, NULL, NULL, 128, NULL, 'ARCHITECTURAL DRAUGHTING F4 - 2000', NULL, NULL, NULL, 2000, NULL, NULL, NULL, 0, 0, NULL, 'Hardcover', 'Book', 'Huge', 'Digital', NULL, NULL, NULL, NULL, NULL, NULL, NULL, '2019-12-14 17:42:07', '2019-12-14 17:42:07', NULL, NULL, NULL, NULL),
(126, NULL, NULL, NULL, 130, NULL, 'ARCHITECTURAL DRAUGHTING F4 - 2001', NULL, NULL, NULL, 2001, NULL, NULL, NULL, 0, 0, NULL, 'Hardcover', 'Book', 'Huge', 'Digital', NULL, NULL, NULL, NULL, NULL, NULL, NULL, '2019-12-14 17:42:50', '2019-12-14 17:42:50', NULL, NULL, NULL, NULL),
(127, NULL, NULL, NULL, 129, NULL, 'AGRICULTURE 1 - F4 - 2018', 'PAST PAPER', NULL, NULL, 2018, NULL, NULL, NULL, 0, 0, NULL, 'Hardcover', 'Book', 'Huge', 'Digital', NULL, NULL, NULL, NULL, NULL, NULL, NULL, '2019-12-14 17:43:12', '2019-12-14 17:43:12', NULL, NULL, NULL, NULL),
(128, NULL, NULL, NULL, 131, NULL, 'AGRICULTURE 1 - F6 - 2010', 'PAST PAPER', NULL, NULL, 2010, NULL, NULL, NULL, 0, 0, NULL, 'Hardcover', 'Book', 'Huge', 'Digital', NULL, NULL, NULL, NULL, NULL, NULL, NULL, '2019-12-14 17:44:23', '2019-12-14 17:43:36', NULL, NULL, NULL, NULL),
(129, NULL, NULL, NULL, 132, NULL, 'ARCHITECTURAL DRAUGHTING F4 - 2003', NULL, NULL, NULL, 2003, NULL, NULL, NULL, 0, 0, NULL, 'Hardcover', 'Book', 'Huge', 'Digital', NULL, NULL, NULL, NULL, NULL, NULL, NULL, '2019-12-14 17:44:20', '2019-12-14 17:44:20', NULL, NULL, NULL, NULL),
(130, NULL, NULL, NULL, 125, NULL, 'COMMERCE -F4 - 2015', 'PAST PAPER', NULL, NULL, 2015, NULL, NULL, NULL, 0, 0, NULL, 'Hardcover', 'Book', 'Huge', 'Digital', NULL, NULL, NULL, NULL, NULL, NULL, NULL, '2019-12-14 17:46:12', '2019-12-14 17:46:12', NULL, NULL, NULL, NULL),
(131, NULL, NULL, NULL, 133, NULL, 'AGRICULTURE 1 - F6 - 2016', 'PAST PAPER', NULL, NULL, 2016, NULL, NULL, NULL, 0, 0, NULL, 'Hardcover', 'Book', 'Huge', 'Digital', NULL, NULL, NULL, NULL, NULL, NULL, NULL, '2019-12-14 17:46:18', '2019-12-14 17:46:18', NULL, NULL, NULL, NULL),
(132, NULL, NULL, NULL, 134, NULL, 'AGRICULTURE 1 - F6 - 2017', 'PAST PAPER', NULL, NULL, 2017, NULL, NULL, NULL, 0, 0, NULL, 'Hardcover', 'Book', 'Huge', 'Digital', NULL, NULL, NULL, NULL, NULL, NULL, NULL, '2019-12-14 17:47:10', '2019-12-14 17:47:10', NULL, NULL, NULL, NULL),
(133, NULL, NULL, NULL, 135, NULL, 'AGRICULTURE 1 - F6 - 2018', 'PAST PAPER', NULL, NULL, 2018, NULL, NULL, NULL, 0, 0, NULL, 'Hardcover', 'Book', 'Huge', 'Digital', NULL, NULL, NULL, NULL, NULL, NULL, NULL, '2019-12-14 17:48:10', '2019-12-14 17:48:10', NULL, NULL, NULL, NULL),
(134, NULL, NULL, NULL, 136, NULL, 'AGRICULTURE 2 - F4 - 2006', 'PAST PAPER', NULL, NULL, 2006, NULL, NULL, NULL, 0, 0, NULL, 'Hardcover', 'Book', 'Huge', 'Digital', NULL, NULL, NULL, NULL, NULL, NULL, NULL, '2019-12-14 17:49:05', '2019-12-14 17:48:34', NULL, NULL, NULL, NULL),
(135, NULL, NULL, NULL, 137, NULL, 'AGRICULTURE 2 - F4 - 2007', 'PAST PAPER', NULL, NULL, 2007, NULL, NULL, NULL, 0, 0, NULL, 'Hardcover', 'Book', 'Huge', 'Digital', NULL, NULL, NULL, NULL, NULL, NULL, NULL, '2019-12-14 17:49:56', '2019-12-14 17:49:27', NULL, NULL, NULL, NULL),
(136, NULL, NULL, NULL, 138, NULL, 'COMMERCE -2008 -F2', 'PAST PAPER', NULL, NULL, 2008, NULL, NULL, NULL, 0, 0, NULL, 'Hardcover', 'Book', 'Huge', 'Digital', NULL, NULL, NULL, NULL, NULL, NULL, NULL, '2019-12-14 17:51:50', '2019-12-14 17:50:00', NULL, NULL, NULL, NULL),
(137, NULL, NULL, NULL, 139, NULL, 'AGRICULTURE 2 - F4 - 2010', 'PAST PAPER', NULL, NULL, 2010, NULL, NULL, NULL, 0, 0, NULL, 'Hardcover', 'Book', 'Huge', 'Digital', NULL, NULL, NULL, NULL, NULL, NULL, NULL, '2019-12-14 17:50:39', '2019-12-14 17:50:16', NULL, NULL, NULL, NULL),
(138, NULL, NULL, NULL, 140, NULL, 'AGRICULTURE 2 - F4 - 2011', 'PAST PAPER', NULL, NULL, 2011, NULL, NULL, NULL, 0, 0, NULL, 'Hardcover', 'Book', 'Huge', 'Digital', NULL, NULL, NULL, NULL, NULL, NULL, NULL, '2019-12-14 17:51:23', '2019-12-14 17:50:55', NULL, NULL, NULL, NULL),
(139, NULL, NULL, NULL, 141, NULL, 'AGRICULTURE 2 - F4 - 2012', 'PAST PAPER', NULL, NULL, 2012, NULL, NULL, NULL, 0, 0, NULL, 'Hardcover', 'Book', 'Huge', 'Digital', NULL, NULL, NULL, NULL, NULL, NULL, NULL, '2019-12-14 17:52:24', '2019-12-14 17:51:51', NULL, NULL, NULL, NULL),
(140, NULL, NULL, NULL, 143, NULL, 'AGRICULTURE 2 - F4 - 2013', 'PAST PAPER', NULL, NULL, 2013, NULL, NULL, NULL, 0, 0, NULL, 'Hardcover', 'Book', 'Huge', 'Digital', NULL, NULL, NULL, NULL, NULL, NULL, NULL, '2019-12-14 17:53:24', '2019-12-14 17:53:24', NULL, NULL, NULL, NULL),
(141, NULL, NULL, NULL, 142, NULL, 'COMMERCE - 2014 -F2', 'PAST PAPER', NULL, NULL, 2014, NULL, NULL, NULL, 0, 0, NULL, 'Hardcover', 'Book', 'Huge', 'Digital', NULL, NULL, NULL, NULL, NULL, NULL, NULL, '2019-12-14 17:53:29', '2019-12-14 17:53:29', NULL, NULL, NULL, NULL),
(142, NULL, NULL, NULL, 145, NULL, 'AGRICULTURE 2 - F4 - 2014', 'PAST PAPER', NULL, NULL, 2014, NULL, NULL, NULL, 0, 0, NULL, 'Hardcover', 'Book', 'Huge', 'Digital', NULL, NULL, NULL, NULL, NULL, NULL, NULL, '2019-12-14 17:54:50', '2019-12-14 17:53:58', NULL, NULL, NULL, NULL),
(143, NULL, NULL, NULL, 144, NULL, 'COMMERCE -2014', 'PAST PAPER', NULL, NULL, 2014, NULL, NULL, NULL, 0, 0, NULL, 'Hardcover', 'Book', 'Huge', 'Digital', NULL, NULL, NULL, NULL, NULL, NULL, NULL, '2019-12-14 17:54:58', '2019-12-14 17:54:58', NULL, NULL, NULL, NULL),
(144, NULL, NULL, NULL, 146, NULL, 'AGRICULTURE 2 - F4 - 2015', 'PAST PAPER', NULL, NULL, 2015, NULL, NULL, NULL, 0, 0, NULL, 'Hardcover', 'Book', 'Huge', 'Digital', NULL, NULL, NULL, NULL, NULL, NULL, NULL, '2019-12-14 17:55:49', '2019-12-14 17:55:19', NULL, NULL, NULL, NULL),
(145, NULL, NULL, NULL, 148, NULL, 'ARCHITECTURAL DRAUGHTING F4 - 2006', NULL, NULL, NULL, 2006, NULL, NULL, NULL, 0, 0, NULL, 'Hardcover', 'Book', 'Huge', 'Digital', NULL, NULL, NULL, NULL, NULL, NULL, NULL, '2019-12-14 17:56:13', '2019-12-14 17:56:13', NULL, NULL, NULL, NULL),
(146, NULL, NULL, NULL, 150, NULL, 'ARCHITECTURAL DRAUGHTING F4 - 2008', NULL, NULL, NULL, 2008, NULL, NULL, NULL, 0, 0, NULL, 'Hardcover', 'Book', 'Huge', 'Digital', NULL, NULL, NULL, NULL, NULL, NULL, NULL, '2019-12-14 17:57:32', '2019-12-14 17:57:32', NULL, NULL, NULL, NULL),
(147, NULL, NULL, NULL, 147, NULL, 'COMMERCE -F2 -2013', 'PAST PAPER', NULL, NULL, 2013, NULL, NULL, NULL, 0, 0, NULL, 'Hardcover', 'Book', 'Huge', 'Digital', NULL, NULL, NULL, NULL, NULL, NULL, NULL, '2019-12-14 17:57:41', '2019-12-14 17:57:41', NULL, NULL, NULL, NULL),
(148, NULL, NULL, NULL, 149, NULL, 'AGRICULTURE 2 - F4 - 2016', 'PAST PAPER', NULL, NULL, 2016, NULL, NULL, NULL, 0, 0, NULL, 'Hardcover', 'Book', 'Huge', 'Digital', NULL, NULL, NULL, NULL, NULL, NULL, NULL, '2019-12-14 17:57:53', '2019-12-14 17:57:53', NULL, NULL, NULL, NULL),
(149, NULL, NULL, NULL, 152, NULL, 'ARCHITECTURAL DRAUGHTING F4 - 2010', NULL, NULL, NULL, 2010, NULL, NULL, NULL, 0, 0, NULL, 'Hardcover', 'Book', 'Huge', 'Digital', NULL, NULL, NULL, NULL, NULL, NULL, NULL, '2019-12-14 17:58:29', '2019-12-14 17:58:29', NULL, NULL, NULL, NULL),
(150, NULL, NULL, NULL, 151, NULL, 'AGRICULTURE 2 - F4 - 2017', 'PAST PAPER', NULL, NULL, 2017, NULL, NULL, NULL, 0, 0, NULL, 'Hardcover', 'Book', 'Huge', 'Digital', NULL, NULL, NULL, NULL, NULL, NULL, NULL, '2019-12-14 17:58:41', '2019-12-14 17:58:41', NULL, NULL, NULL, NULL),
(151, NULL, NULL, NULL, 154, NULL, 'AGRICULTURE 2 - F4 - 2018', 'PAST PAPER', NULL, NULL, 2018, NULL, NULL, NULL, 0, 0, NULL, 'Hardcover', 'Book', 'Huge', 'Digital', NULL, NULL, NULL, NULL, NULL, NULL, NULL, '2019-12-14 17:59:35', '2019-12-14 17:59:35', NULL, NULL, NULL, NULL),
(152, NULL, NULL, NULL, 155, NULL, 'ARCHITECTURAL DRAUGHTING F4 - 2011', NULL, NULL, NULL, 2011, NULL, NULL, NULL, 0, 0, NULL, 'Hardcover', 'Book', 'Huge', 'Digital', NULL, NULL, NULL, NULL, NULL, NULL, NULL, '2019-12-14 18:00:01', '2019-12-14 18:00:01', NULL, NULL, NULL, NULL),
(153, NULL, NULL, NULL, 156, NULL, 'AGRICULTURE 2 - F6 - 2012', 'PAST PAPER', NULL, NULL, 2012, NULL, NULL, NULL, 0, 0, NULL, 'Hardcover', 'Book', 'Huge', 'Digital', NULL, NULL, NULL, NULL, NULL, NULL, NULL, '2019-12-14 18:00:42', '2019-12-14 18:00:13', NULL, NULL, NULL, NULL),
(154, NULL, NULL, NULL, 153, NULL, 'COMMERCE -F2 - 2015', 'PAST PAPER', NULL, NULL, 2015, NULL, NULL, NULL, 0, 0, NULL, 'Hardcover', 'Book', 'Huge', 'Digital', NULL, NULL, NULL, NULL, NULL, NULL, NULL, '2019-12-14 18:00:42', '2019-12-14 18:00:42', NULL, NULL, NULL, NULL),
(155, NULL, NULL, NULL, 157, NULL, 'ARCHITECTURAL DRAUGHTING F4 - 2012', NULL, NULL, NULL, NULL, NULL, NULL, NULL, 0, 0, NULL, 'Hardcover', 'Book', 'Huge', 'Digital', NULL, NULL, NULL, NULL, NULL, NULL, NULL, '2019-12-14 18:00:52', '2019-12-14 18:00:52', NULL, NULL, NULL, NULL),
(156, NULL, NULL, NULL, 158, NULL, 'AGRICULTURE 2 - F6 - 2014', 'PAST PAPER', NULL, NULL, 2014, NULL, NULL, NULL, 0, 0, NULL, 'Hardcover', 'Book', 'Huge', 'Digital', NULL, NULL, NULL, NULL, NULL, NULL, NULL, '2019-12-14 18:01:33', '2019-12-14 18:00:58', NULL, NULL, NULL, NULL),
(157, NULL, NULL, NULL, 160, NULL, 'ARCHITECTURAL DRAUGHTING F4 - 2015', NULL, NULL, NULL, 2015, NULL, NULL, NULL, 0, 0, NULL, 'Hardcover', 'Book', 'Huge', 'Digital', NULL, NULL, NULL, NULL, NULL, NULL, NULL, '2019-12-14 18:01:44', '2019-12-14 18:01:44', NULL, NULL, NULL, NULL),
(158, NULL, NULL, NULL, 161, NULL, 'AGRICULTURE 2 - F6 - 2017', 'PAST PAPER', NULL, NULL, 2017, NULL, NULL, NULL, 0, 0, NULL, 'Hardcover', 'Book', 'Huge', 'Digital', NULL, NULL, NULL, NULL, NULL, NULL, NULL, '2019-12-14 18:03:06', '2019-12-14 18:02:20', NULL, NULL, NULL, NULL),
(159, NULL, NULL, NULL, 159, NULL, 'COMMERCE -F2- 2016', 'PAST PAPER', NULL, NULL, 2016, NULL, NULL, NULL, 0, 0, NULL, 'Hardcover', 'Book', 'Huge', 'Digital', NULL, NULL, NULL, NULL, NULL, NULL, NULL, '2019-12-14 18:02:32', '2019-12-14 18:02:32', NULL, NULL, NULL, NULL),
(160, NULL, NULL, NULL, 162, NULL, 'ARCHITECTURAL DRAUGHTING F4 - 2017', NULL, NULL, NULL, 2017, NULL, NULL, NULL, 0, 0, NULL, 'Hardcover', 'Book', 'Huge', 'Digital', NULL, NULL, NULL, NULL, NULL, NULL, NULL, '2019-12-14 18:02:44', '2019-12-14 18:02:44', NULL, NULL, NULL, NULL),
(161, NULL, NULL, NULL, 163, NULL, 'AGRICULTURE 2 - F6 - 2018', 'PAST PAPER', NULL, NULL, 2018, NULL, NULL, NULL, 0, 0, NULL, 'Hardcover', 'Book', 'Huge', 'Digital', NULL, NULL, NULL, NULL, NULL, NULL, NULL, '2019-12-14 18:04:08', '2019-12-14 18:03:44', NULL, NULL, NULL, NULL),
(162, NULL, NULL, NULL, 165, NULL, 'BASIC APPLIED MATH F6 - 2006', NULL, NULL, NULL, 2006, NULL, NULL, NULL, 0, 0, NULL, 'Hardcover', 'Book', 'Huge', 'Digital', NULL, NULL, NULL, NULL, NULL, NULL, NULL, '2019-12-14 18:04:46', '2019-12-14 18:04:46', NULL, NULL, NULL, NULL),
(163, NULL, NULL, NULL, 166, NULL, 'BASIC APPLIED MATH F6 - 2010', NULL, NULL, NULL, 2010, NULL, NULL, NULL, 0, 0, NULL, 'Hardcover', 'Book', 'Huge', 'Digital', NULL, NULL, NULL, NULL, NULL, NULL, NULL, '2019-12-14 18:05:47', '2019-12-14 18:05:47', NULL, NULL, NULL, NULL),
(164, NULL, NULL, NULL, 164, NULL, 'AGRICULTURE 2 ADV INSTR - F4 - 2006', 'PAST PAPER', NULL, NULL, 2006, NULL, NULL, NULL, 0, 0, NULL, 'Hardcover', 'Book', 'Huge', 'Digital', NULL, NULL, NULL, NULL, NULL, NULL, NULL, '2019-12-14 18:06:17', '2019-12-14 18:06:17', NULL, NULL, NULL, NULL),
(165, NULL, NULL, NULL, 167, NULL, 'BASIC APPLIED MATH F6 - 2011', NULL, NULL, NULL, 2011, NULL, NULL, NULL, 0, 0, NULL, 'Hardcover', 'Book', 'Huge', 'Digital', NULL, NULL, NULL, NULL, NULL, NULL, NULL, '2019-12-14 18:06:21', '2019-12-14 18:06:21', NULL, NULL, NULL, NULL),
(166, NULL, NULL, NULL, 170, NULL, 'BASIC APPLIED MATH F6 - 2013', NULL, NULL, NULL, 2013, NULL, NULL, NULL, 0, 0, NULL, 'Hardcover', 'Book', 'Huge', 'Digital', NULL, NULL, NULL, NULL, NULL, NULL, NULL, '2019-12-14 18:07:11', '2019-12-14 18:07:11', NULL, NULL, NULL, NULL),
(167, NULL, NULL, NULL, 168, NULL, 'AGRICULTURE 2 ADV INSTR - F4 - 2014', 'PAST PAPER', NULL, NULL, 2014, NULL, NULL, NULL, 0, 0, NULL, 'Hardcover', 'Book', 'Huge', 'Digital', NULL, NULL, NULL, NULL, NULL, NULL, NULL, '2019-12-14 18:07:22', '2019-12-14 18:07:22', NULL, NULL, NULL, NULL),
(168, NULL, NULL, NULL, 169, NULL, 'COMMERCE -F2- 2017', 'PAST PAPER', NULL, NULL, 2017, NULL, NULL, NULL, 0, 0, NULL, 'Hardcover', 'Book', 'Huge', 'Digital', NULL, NULL, NULL, NULL, NULL, NULL, NULL, '2019-12-14 18:08:05', '2019-12-14 18:08:05', NULL, NULL, NULL, NULL),
(169, NULL, NULL, NULL, 172, NULL, 'BASIC APPLIED MATH F6 - 2014', NULL, NULL, NULL, 2014, NULL, NULL, NULL, 0, 0, NULL, 'Hardcover', 'Book', 'Huge', 'Digital', NULL, NULL, NULL, NULL, NULL, NULL, NULL, '2019-12-14 18:08:41', '2019-12-14 18:08:41', NULL, NULL, NULL, NULL),
(170, NULL, NULL, NULL, 171, NULL, 'AGRICULTURE 2 ADV INSTR - F4 - 2015', 'PAST PAPER', NULL, NULL, 2015, NULL, NULL, NULL, 0, 0, NULL, 'Hardcover', 'Book', 'Huge', 'Digital', NULL, NULL, NULL, NULL, NULL, NULL, NULL, '2019-12-14 18:08:42', '2019-12-14 18:08:42', NULL, NULL, NULL, NULL),
(171, NULL, NULL, NULL, 175, NULL, 'BASIC APPLIED MATH F6 - 2015', NULL, NULL, NULL, 2015, NULL, NULL, NULL, 0, 0, NULL, 'Hardcover', 'Book', 'Huge', 'Digital', NULL, NULL, NULL, NULL, NULL, NULL, NULL, '2019-12-14 18:09:31', '2019-12-14 18:09:31', NULL, NULL, NULL, NULL),
(172, NULL, NULL, NULL, 174, NULL, 'COMMERCE -F2- 2018', 'PAST PAPER', NULL, NULL, 2018, NULL, NULL, NULL, 0, 0, NULL, 'Hardcover', 'Book', 'Huge', 'Digital', NULL, NULL, NULL, NULL, NULL, NULL, NULL, '2019-12-14 18:09:40', '2019-12-14 18:09:40', NULL, NULL, NULL, NULL),
(173, NULL, NULL, NULL, 173, NULL, 'ARABIC - F2 - 2018', 'PAST PAPER', NULL, NULL, 2018, NULL, NULL, NULL, 0, 0, NULL, 'Hardcover', 'Book', 'Huge', 'Digital', NULL, NULL, NULL, NULL, NULL, NULL, NULL, '2019-12-14 18:09:53', '2019-12-14 18:09:53', NULL, NULL, NULL, NULL),
(174, NULL, NULL, NULL, 178, NULL, 'BASIC APPLIED MATH F6 - 2016', NULL, NULL, NULL, 2016, NULL, NULL, NULL, 0, 0, NULL, 'Hardcover', 'Book', 'Huge', 'Digital', NULL, NULL, NULL, NULL, NULL, NULL, NULL, '2019-12-14 18:10:48', '2019-12-14 18:10:48', NULL, NULL, NULL, NULL),
(175, NULL, NULL, NULL, 177, NULL, 'ARABIC - F2 ZEC - 2010', 'PAST PAPER', NULL, NULL, 2010, NULL, NULL, NULL, 0, 0, NULL, 'Hardcover', 'Book', 'Huge', 'Digital', NULL, NULL, NULL, NULL, NULL, NULL, NULL, '2019-12-14 18:10:51', '2019-12-14 18:10:51', NULL, NULL, NULL, NULL),
(176, NULL, NULL, NULL, 179, NULL, 'ARABIC - F2 ZEC - 2012', 'PAST PAPER', NULL, NULL, 2012, NULL, NULL, NULL, 0, 0, NULL, 'Hardcover', 'Book', 'Huge', 'Digital', NULL, NULL, NULL, NULL, NULL, NULL, NULL, '2019-12-14 18:11:43', '2019-12-14 18:11:09', NULL, NULL, NULL, NULL),
(177, NULL, NULL, NULL, 180, NULL, 'BASIC APPLIED MATH F6 - 2018', NULL, NULL, NULL, 2018, NULL, NULL, NULL, 0, 0, NULL, 'Hardcover', 'Book', 'Huge', 'Digital', NULL, NULL, NULL, NULL, NULL, NULL, NULL, '2019-12-14 18:11:34', '2019-12-14 18:11:34', NULL, NULL, NULL, NULL),
(178, NULL, NULL, NULL, 176, NULL, 'COMMERCE -F4- 2016', 'PAST PAPER', NULL, NULL, 2016, NULL, NULL, NULL, 0, 0, NULL, 'Hardcover', 'Book', 'Huge', 'Digital', NULL, NULL, NULL, NULL, NULL, NULL, NULL, '2019-12-14 18:11:39', '2019-12-14 18:11:39', NULL, NULL, NULL, NULL),
(179, NULL, NULL, NULL, 181, NULL, 'ARABIC - F4 - 2006', 'PAST PAPER', NULL, NULL, 2006, NULL, NULL, NULL, 0, 0, NULL, 'Hardcover', 'Book', 'Huge', 'Digital', NULL, NULL, NULL, NULL, NULL, NULL, NULL, '2019-12-14 18:12:55', '2019-12-14 18:12:06', NULL, NULL, NULL, NULL),
(180, NULL, NULL, NULL, 183, NULL, 'BASIC APPLIED MATH F6 - 2019', NULL, NULL, NULL, 2019, NULL, NULL, NULL, 0, 0, NULL, 'Hardcover', 'Book', 'Huge', 'Digital', NULL, NULL, NULL, NULL, NULL, NULL, NULL, '2019-12-14 18:12:41', '2019-12-14 18:12:41', NULL, NULL, NULL, NULL),
(181, NULL, NULL, NULL, 184, NULL, 'BASIC APPLIED MATH F6 - 2017', NULL, NULL, NULL, 2017, NULL, NULL, NULL, 0, 0, NULL, 'Hardcover', 'Book', 'Huge', 'Digital', NULL, NULL, NULL, NULL, NULL, NULL, NULL, '2019-12-14 18:13:54', '2019-12-14 18:13:54', NULL, NULL, NULL, NULL),
(182, NULL, NULL, NULL, 185, NULL, 'PHYSICS F2 2012', 'PAST PAPER', NULL, NULL, 2012, NULL, NULL, NULL, 0, 0, NULL, 'Hardcover', 'Book', 'Huge', 'Digital', NULL, NULL, NULL, NULL, NULL, NULL, NULL, '2019-12-14 18:14:30', '2019-12-14 18:14:00', NULL, NULL, NULL, NULL);
INSERT INTO `Books` (`id`, `seriesId`, `publisherId`, `coverId`, `eBookId`, `bookSN`, `title`, `subtitle`, `ISBN10`, `ISBN13`, `publishingYear`, `pages`, `description`, `notes`, `quantity`, `actualQuantity`, `edition`, `binding`, `physicalForm`, `size`, `type`, `price`, `language`, `metaTitle`, `metaKeywords`, `metaDescription`, `rating`, `url`, `updateDateTime`, `creationDateTime`, `test`, `test2`, `CheckBox`, `textarea`) VALUES
(183, NULL, NULL, NULL, 182, NULL, 'COMMERCE -F4- 2017', 'PAST PAPER', NULL, NULL, 2017, NULL, NULL, NULL, 0, 0, NULL, 'Hardcover', 'Book', 'Huge', 'Digital', NULL, NULL, NULL, NULL, NULL, NULL, NULL, '2019-12-14 18:14:04', '2019-12-14 18:14:04', NULL, NULL, NULL, NULL),
(184, NULL, NULL, NULL, 187, NULL, 'PHYSICS F2 2011', 'PAST PAPER', NULL, NULL, 2011, NULL, NULL, NULL, 0, 0, NULL, 'Hardcover', 'Book', 'Huge', 'Digital', NULL, NULL, NULL, NULL, NULL, NULL, NULL, '2019-12-14 18:15:07', '2019-12-14 18:15:07', NULL, NULL, NULL, NULL),
(185, NULL, NULL, NULL, 186, NULL, 'COMMERCE -F4- 2018', 'PAST PAPER', NULL, NULL, 2018, NULL, NULL, NULL, 0, 0, NULL, 'Hardcover', 'Book', 'Huge', 'Digital', NULL, NULL, NULL, NULL, NULL, NULL, NULL, '2019-12-14 18:15:21', '2019-12-14 18:15:21', NULL, NULL, NULL, NULL),
(186, NULL, NULL, NULL, 188, NULL, 'PHYSICS 1 - F6 - 2000', 'PAST PAPER', NULL, NULL, 2000, NULL, NULL, NULL, 0, 0, NULL, 'Hardcover', 'Book', 'Huge', 'Digital', NULL, NULL, NULL, NULL, NULL, NULL, NULL, '2019-12-14 18:15:52', '2019-12-14 18:15:52', NULL, NULL, NULL, NULL),
(187, NULL, NULL, NULL, 189, NULL, 'COMMERCE 1 -F6- 2009', 'PAST PAPER', NULL, NULL, 2009, NULL, NULL, NULL, 0, 0, NULL, 'Hardcover', 'Book', 'Huge', 'Digital', NULL, NULL, NULL, NULL, NULL, NULL, NULL, '2019-12-14 18:16:45', '2019-12-14 18:16:45', NULL, NULL, NULL, NULL),
(188, NULL, NULL, NULL, 190, NULL, 'PHYSICS 1 - F6 - 1999', 'PAST PAPER', NULL, NULL, 1999, NULL, NULL, NULL, 0, 0, NULL, 'Hardcover', 'Book', 'Huge', 'Digital', NULL, NULL, NULL, NULL, NULL, NULL, NULL, '2019-12-14 18:17:22', '2019-12-14 18:16:56', NULL, NULL, NULL, NULL),
(189, NULL, NULL, NULL, 191, NULL, 'BASIC MATH - 1996', NULL, NULL, NULL, 1996, NULL, NULL, NULL, 0, 0, NULL, 'Hardcover', 'Book', 'Huge', 'Digital', NULL, NULL, NULL, NULL, NULL, NULL, NULL, '2019-12-14 18:17:19', '2019-12-14 18:17:19', NULL, NULL, NULL, NULL),
(190, NULL, NULL, NULL, 192, NULL, 'PHYSICS 1 - F4 - 2015', 'PAST PAPER', NULL, NULL, 2015, NULL, NULL, NULL, 0, 0, NULL, 'Hardcover', 'Book', 'Huge', 'Digital', NULL, NULL, NULL, NULL, NULL, NULL, NULL, '2019-12-14 18:18:18', '2019-12-14 18:18:18', NULL, NULL, NULL, NULL),
(191, NULL, NULL, NULL, 193, NULL, 'BASIC MATH - 1997', NULL, NULL, NULL, NULL, NULL, NULL, NULL, 0, 0, NULL, 'Hardcover', 'Book', 'Huge', 'Digital', NULL, NULL, NULL, NULL, NULL, NULL, NULL, '2019-12-14 18:18:23', '2019-12-14 18:18:23', NULL, NULL, NULL, NULL),
(192, NULL, NULL, NULL, 194, NULL, 'PHYSICS 1 - F4 - 2010', 'PAST PAPER', NULL, NULL, 2010, NULL, NULL, NULL, 0, 0, NULL, 'Hardcover', 'Book', 'Huge', 'Digital', NULL, NULL, NULL, NULL, NULL, NULL, NULL, '2019-12-14 18:19:14', '2019-12-14 18:19:14', NULL, NULL, NULL, NULL),
(193, NULL, NULL, NULL, 196, NULL, 'BASIC MATH - 1998', NULL, NULL, NULL, 1998, NULL, NULL, NULL, 0, 0, NULL, 'Hardcover', 'Book', 'Huge', 'Digital', NULL, NULL, NULL, NULL, NULL, NULL, NULL, '2019-12-14 18:19:38', '2019-12-14 18:19:38', NULL, NULL, NULL, NULL),
(194, NULL, NULL, NULL, 197, NULL, 'PHYSICS 3C - F6 - 2010', 'PAST PAPER', NULL, NULL, 2010, NULL, NULL, NULL, 0, 0, NULL, 'Hardcover', 'Book', 'Huge', 'Digital', NULL, NULL, NULL, NULL, NULL, NULL, NULL, '2019-12-14 18:21:00', '2019-12-14 18:19:54', NULL, NULL, NULL, NULL),
(195, NULL, NULL, NULL, 195, NULL, 'COMMERCE 1-F6- 2012', 'PAST PAPER', NULL, NULL, 2012, NULL, NULL, NULL, 0, 0, NULL, 'Hardcover', 'Book', 'Huge', 'Digital', NULL, NULL, NULL, NULL, NULL, NULL, NULL, '2019-12-14 18:20:35', '2019-12-14 18:20:35', NULL, NULL, NULL, NULL),
(196, NULL, NULL, NULL, 198, NULL, 'BASIC MATH - 1999', NULL, NULL, NULL, 1999, NULL, NULL, NULL, 0, 0, NULL, 'Hardcover', 'Book', 'Huge', 'Digital', NULL, NULL, NULL, NULL, NULL, NULL, NULL, '2019-12-14 18:20:39', '2019-12-14 18:20:39', NULL, NULL, NULL, NULL),
(197, NULL, NULL, NULL, 201, NULL, 'BASIC MATH - 1999 NOV', NULL, NULL, NULL, 1999, NULL, NULL, NULL, 0, 0, NULL, 'Hardcover', 'Book', 'Huge', 'Digital', NULL, NULL, NULL, NULL, NULL, NULL, NULL, '2019-12-14 18:21:40', '2019-12-14 18:21:40', NULL, NULL, NULL, NULL),
(198, NULL, NULL, NULL, 200, NULL, 'PHYSICS 3C - 2000', 'PAST PAPER', NULL, NULL, 2000, NULL, NULL, NULL, 0, 0, NULL, 'Hardcover', 'Book', 'Huge', 'Digital', NULL, NULL, NULL, NULL, NULL, NULL, NULL, '2019-12-14 18:22:02', '2019-12-14 18:22:02', NULL, NULL, NULL, NULL),
(199, NULL, NULL, NULL, 199, NULL, 'COMMERCE1 -F6- 2013', 'PAST PAPER', NULL, NULL, 2013, NULL, NULL, NULL, 0, 0, NULL, 'Hardcover', 'Book', 'Huge', 'Digital', NULL, NULL, NULL, NULL, NULL, NULL, NULL, '2019-12-14 18:22:20', '2019-12-14 18:22:20', NULL, NULL, NULL, NULL),
(200, NULL, NULL, NULL, 203, NULL, 'BASIC MATH - 2000', NULL, NULL, NULL, 2000, NULL, NULL, NULL, 0, 0, NULL, 'Hardcover', 'Book', 'Huge', 'Digital', NULL, NULL, NULL, NULL, NULL, NULL, NULL, '2019-12-14 18:22:49', '2019-12-14 18:22:49', NULL, NULL, NULL, NULL),
(201, NULL, NULL, NULL, 202, NULL, 'PHYSICS 3C - 1999', 'PAST PAPER', NULL, NULL, 1999, NULL, NULL, NULL, 0, 0, NULL, 'Hardcover', 'Book', 'Huge', 'Digital', NULL, NULL, NULL, NULL, NULL, NULL, NULL, '2019-12-14 18:22:58', '2019-12-14 18:22:58', NULL, NULL, NULL, NULL),
(202, NULL, NULL, NULL, 204, NULL, 'PHYSICS 3B - F6 - 2017', 'PAST PAPER', NULL, NULL, 2017, NULL, NULL, NULL, 0, 0, NULL, 'Hardcover', 'Book', 'Huge', 'Digital', NULL, NULL, NULL, NULL, NULL, NULL, NULL, '2019-12-14 18:23:54', '2019-12-14 18:23:54', NULL, NULL, NULL, NULL),
(203, NULL, NULL, NULL, 206, NULL, 'BASIC MATH - 2001', NULL, NULL, NULL, 2001, NULL, NULL, NULL, 0, 0, NULL, 'Hardcover', 'Book', 'Huge', 'Digital', NULL, NULL, NULL, NULL, NULL, NULL, NULL, '2019-12-14 18:23:58', '2019-12-14 18:23:58', NULL, NULL, NULL, NULL),
(204, NULL, NULL, NULL, 207, NULL, 'PHYSICS 3B - F6 - 2016', 'PAST PAPER', NULL, NULL, 2016, NULL, NULL, NULL, 0, 0, NULL, 'Hardcover', 'Book', 'Huge', 'Digital', NULL, NULL, NULL, NULL, NULL, NULL, NULL, '2019-12-14 18:24:44', '2019-12-14 18:24:04', NULL, NULL, NULL, NULL),
(205, NULL, NULL, NULL, 208, NULL, 'BASIC MATH - 2002', NULL, NULL, NULL, NULL, NULL, NULL, NULL, 0, 0, NULL, 'Hardcover', 'Book', 'Huge', 'Digital', NULL, NULL, NULL, NULL, NULL, NULL, NULL, '2019-12-14 18:24:43', '2019-12-14 18:24:43', NULL, NULL, NULL, NULL),
(206, NULL, NULL, NULL, 205, NULL, 'COMMERCE 1-F6- 2015', 'PAST PAPER', NULL, NULL, 2015, NULL, NULL, NULL, 0, 0, NULL, 'Hardcover', 'Book', 'Huge', 'Digital', NULL, NULL, NULL, NULL, NULL, NULL, NULL, '2019-12-14 18:24:54', '2019-12-14 18:24:54', NULL, NULL, NULL, NULL),
(207, NULL, NULL, NULL, 209, NULL, 'COMMERCE 1-F6- 2016', 'PAST PAPER', NULL, NULL, 2016, NULL, NULL, NULL, 0, 0, NULL, 'Hardcover', 'Book', 'Huge', 'Digital', NULL, NULL, NULL, NULL, NULL, NULL, NULL, '2019-12-14 18:26:51', '2019-12-14 18:25:26', NULL, NULL, NULL, NULL),
(208, NULL, NULL, NULL, 210, NULL, 'BASIC MATH - 2003 - F2', NULL, NULL, NULL, 2003, NULL, NULL, NULL, 0, 0, NULL, 'Hardcover', 'Book', 'Huge', 'Digital', NULL, NULL, NULL, NULL, NULL, NULL, NULL, '2019-12-14 18:25:46', '2019-12-14 18:25:46', NULL, NULL, NULL, NULL),
(209, NULL, NULL, NULL, 211, NULL, 'PHYSICS 3B - F6 - 2015', 'PAST PAPER', NULL, NULL, 2015, NULL, NULL, NULL, 0, 0, NULL, 'Hardcover', 'Book', 'Huge', 'Digital', NULL, NULL, NULL, NULL, NULL, NULL, NULL, '2019-12-14 18:26:33', '2019-12-14 18:26:07', NULL, NULL, NULL, NULL),
(210, NULL, NULL, NULL, 212, NULL, 'PHYSICS 3B - 2000', 'PAST PAPER', NULL, NULL, 2000, NULL, NULL, NULL, 0, 0, NULL, 'Hardcover', 'Book', 'Huge', 'Digital', NULL, NULL, NULL, NULL, NULL, NULL, NULL, '2019-12-14 18:27:22', '2019-12-14 18:26:57', NULL, NULL, NULL, NULL),
(211, NULL, NULL, NULL, 213, NULL, 'BASIC MATH - 2003', NULL, NULL, NULL, 2003, NULL, NULL, NULL, 0, 0, NULL, 'Hardcover', 'Book', 'Huge', 'Digital', NULL, NULL, NULL, NULL, NULL, NULL, NULL, '2019-12-14 18:27:07', '2019-12-14 18:27:07', NULL, NULL, NULL, NULL),
(212, NULL, NULL, NULL, 214, NULL, 'COMMERCE 1-F6- 2018', 'PAST PAPER', NULL, NULL, 2018, NULL, NULL, NULL, 0, 0, NULL, 'Hardcover', 'Book', 'Huge', 'Digital', NULL, NULL, NULL, NULL, NULL, NULL, NULL, '2019-12-14 18:27:52', '2019-12-14 18:27:52', NULL, NULL, NULL, NULL),
(213, NULL, NULL, NULL, 215, NULL, 'PHYSICS 3B - 1999', 'PAST PAPER', NULL, NULL, 1999, NULL, NULL, NULL, 0, 0, NULL, 'Hardcover', 'Book', 'Huge', 'Digital', NULL, NULL, NULL, NULL, NULL, NULL, NULL, '2019-12-14 18:28:06', '2019-12-14 18:28:06', NULL, NULL, NULL, NULL),
(214, NULL, NULL, NULL, 217, NULL, 'BASIC MATH - 2004 F2', NULL, NULL, NULL, 2004, NULL, NULL, NULL, 0, 0, NULL, 'Hardcover', 'Book', 'Huge', 'Digital', NULL, NULL, NULL, NULL, NULL, NULL, NULL, '2019-12-14 18:28:09', '2019-12-14 18:28:09', NULL, NULL, NULL, NULL),
(215, NULL, NULL, NULL, 218, NULL, 'PHYSICS 3A - F6 - 2019', 'PAST PAPER', NULL, NULL, 2019, NULL, NULL, NULL, 0, 0, NULL, 'Hardcover', 'Book', 'Huge', 'Digital', NULL, NULL, NULL, NULL, NULL, NULL, NULL, '2019-12-14 18:28:55', '2019-12-14 18:28:25', NULL, NULL, NULL, NULL),
(216, NULL, NULL, NULL, 219, NULL, 'BASIC MATH - 2004', NULL, NULL, NULL, 2004, NULL, NULL, NULL, 0, 0, NULL, 'Hardcover', 'Book', 'Huge', 'Digital', NULL, NULL, NULL, NULL, NULL, NULL, NULL, '2019-12-14 18:28:50', '2019-12-14 18:28:50', NULL, NULL, NULL, NULL),
(217, NULL, NULL, NULL, 216, NULL, 'COMMERCE 2-F6- 2009', 'PAST PAPER', NULL, NULL, 2009, NULL, NULL, NULL, 0, 0, NULL, 'Hardcover', 'Book', 'Huge', 'Digital', NULL, NULL, NULL, NULL, NULL, NULL, NULL, '2019-12-14 18:28:51', '2019-12-14 18:28:51', NULL, NULL, NULL, NULL),
(218, NULL, NULL, NULL, 220, NULL, 'PHYSICS 3A - F6 - 2018', 'PAST PAPER', NULL, NULL, 2018, NULL, NULL, NULL, 0, 0, NULL, 'Hardcover', 'Book', 'Huge', 'Digital', NULL, NULL, NULL, NULL, NULL, NULL, NULL, '2019-12-14 18:29:57', '2019-12-14 18:29:20', NULL, NULL, NULL, NULL),
(219, NULL, NULL, NULL, 221, NULL, 'BASIC MATH - 2005 - F2', NULL, NULL, NULL, NULL, NULL, NULL, NULL, 0, 0, NULL, 'Hardcover', 'Book', 'Huge', 'Digital', NULL, NULL, NULL, NULL, NULL, NULL, NULL, '2019-12-14 18:29:32', '2019-12-14 18:29:32', NULL, NULL, NULL, NULL),
(220, NULL, NULL, NULL, 223, NULL, 'PHYSICS 3A - F6 - 2017', 'PAST PAPER', NULL, NULL, 2017, NULL, NULL, NULL, 0, 0, NULL, 'Hardcover', 'Book', 'Huge', 'Digital', NULL, NULL, NULL, NULL, NULL, NULL, NULL, '2019-12-14 18:30:56', '2019-12-14 18:30:16', NULL, NULL, NULL, NULL),
(221, NULL, NULL, NULL, 224, NULL, 'BASIC MATH - 2005', NULL, NULL, NULL, 2005, NULL, NULL, NULL, 0, 0, NULL, 'Hardcover', 'Book', 'Huge', 'Digital', NULL, NULL, NULL, NULL, NULL, NULL, NULL, '2019-12-14 18:30:17', '2019-12-14 18:30:17', NULL, NULL, NULL, NULL),
(222, NULL, NULL, NULL, 225, NULL, 'BASIC MATH - 2006 F2', NULL, NULL, NULL, 2006, NULL, NULL, NULL, 0, 0, NULL, 'Hardcover', 'Book', 'Huge', 'Digital', NULL, NULL, NULL, NULL, NULL, NULL, NULL, '2019-12-14 18:31:03', '2019-12-14 18:31:03', NULL, NULL, NULL, NULL),
(223, NULL, NULL, NULL, 222, NULL, 'COMMERCE 2-F6- 2009', 'PAST PAPER', NULL, NULL, 2012, NULL, NULL, NULL, 0, 0, NULL, 'Hardcover', 'Book', 'Huge', 'Digital', NULL, NULL, NULL, NULL, NULL, NULL, NULL, '2019-12-14 18:31:33', '2019-12-14 18:31:33', NULL, NULL, NULL, NULL),
(224, NULL, NULL, NULL, 226, NULL, 'BASIC MATH - 2006', NULL, NULL, NULL, 2006, NULL, NULL, NULL, 0, 0, NULL, 'Hardcover', 'Book', 'Huge', 'Digital', NULL, NULL, NULL, NULL, NULL, NULL, NULL, '2019-12-14 18:32:18', '2019-12-14 18:32:18', NULL, NULL, NULL, NULL),
(225, NULL, NULL, NULL, 227, NULL, 'PHYSICS 3A - F6 - 2016', 'PAST PAPER', NULL, NULL, 2016, NULL, NULL, NULL, 0, 0, NULL, 'Hardcover', 'Book', 'Huge', 'Digital', NULL, NULL, NULL, NULL, NULL, NULL, NULL, '2019-12-14 18:33:16', '2019-12-14 18:33:16', NULL, NULL, NULL, NULL),
(226, NULL, NULL, NULL, 228, NULL, 'BASIC MATH - 2007 F2', NULL, NULL, NULL, 2007, NULL, NULL, NULL, 0, 0, NULL, 'Hardcover', 'Book', 'Huge', 'Digital', NULL, NULL, NULL, NULL, NULL, NULL, NULL, '2019-12-14 18:33:18', '2019-12-14 18:33:18', NULL, NULL, NULL, NULL),
(227, NULL, NULL, NULL, 230, NULL, 'BASIC MATH - 2007', NULL, NULL, NULL, 2007, NULL, NULL, NULL, 0, 0, NULL, 'Hardcover', 'Book', 'Huge', 'Digital', NULL, NULL, NULL, NULL, NULL, NULL, NULL, '2019-12-14 18:34:06', '2019-12-14 18:34:06', NULL, NULL, NULL, NULL),
(228, NULL, NULL, NULL, 229, NULL, 'PHYSICS 3A - F6 - 2016', 'PAST PAPER', NULL, NULL, 2016, NULL, NULL, NULL, 0, 0, NULL, 'Hardcover', 'Book', 'Huge', 'Digital', NULL, NULL, NULL, NULL, NULL, NULL, NULL, '2019-12-14 18:34:26', '2019-12-14 18:34:26', NULL, NULL, NULL, NULL),
(229, NULL, NULL, NULL, 232, NULL, 'BASIC MATH - 2008', NULL, NULL, NULL, NULL, NULL, NULL, NULL, 0, 0, NULL, 'Hardcover', 'Book', 'Huge', 'Digital', NULL, NULL, NULL, NULL, NULL, NULL, NULL, '2019-12-14 18:35:02', '2019-12-14 18:35:02', NULL, NULL, NULL, NULL),
(230, NULL, NULL, NULL, 231, NULL, 'PHYSICS 3A - F6 - 2015', 'PAST PAPER', NULL, NULL, 2015, NULL, NULL, NULL, 0, 0, NULL, 'Hardcover', 'Book', 'Huge', 'Digital', NULL, NULL, NULL, NULL, NULL, NULL, NULL, '2019-12-14 18:35:20', '2019-12-14 18:35:20', NULL, NULL, NULL, NULL),
(231, NULL, NULL, NULL, 233, NULL, 'PHYSICS 3A - F6 - 2013', 'PAST PAPER', NULL, NULL, 2013, NULL, NULL, NULL, 0, 0, NULL, 'Hardcover', 'Book', 'Huge', 'Digital', NULL, NULL, NULL, NULL, NULL, NULL, NULL, '2019-12-14 18:36:24', '2019-12-14 18:35:48', NULL, NULL, NULL, NULL),
(232, NULL, NULL, NULL, 235, NULL, 'BASIC MATH - 2010', NULL, NULL, NULL, 2010, NULL, NULL, NULL, 0, 0, NULL, 'Hardcover', 'Book', 'Huge', 'Digital', NULL, NULL, NULL, NULL, NULL, NULL, NULL, '2019-12-14 18:35:57', '2019-12-14 18:35:57', NULL, NULL, NULL, NULL),
(233, NULL, NULL, NULL, 236, NULL, 'PHYSICS 3A - 2000', 'PAST PAPER', NULL, NULL, 2000, NULL, NULL, NULL, 0, 0, NULL, 'Hardcover', 'Book', 'Huge', 'Digital', NULL, NULL, NULL, NULL, NULL, NULL, NULL, '2019-12-14 18:37:04', '2019-12-14 18:37:04', NULL, NULL, NULL, NULL),
(234, NULL, NULL, NULL, 234, NULL, 'COMMERCE 2-F6- 2013', 'PAST PAPER', NULL, NULL, 2013, NULL, NULL, NULL, 0, 0, NULL, 'Hardcover', 'Book', 'Huge', 'Digital', NULL, NULL, NULL, NULL, NULL, NULL, NULL, '2019-12-14 18:37:20', '2019-12-14 18:37:20', NULL, NULL, NULL, NULL),
(235, NULL, NULL, NULL, 238, NULL, 'BASIC MATH - 2011 F2', NULL, NULL, NULL, NULL, NULL, NULL, NULL, 0, 0, NULL, 'Hardcover', 'Book', 'Huge', 'Digital', NULL, NULL, NULL, NULL, NULL, NULL, NULL, '2019-12-14 18:37:56', '2019-12-14 18:37:56', NULL, NULL, NULL, NULL),
(236, NULL, NULL, NULL, 237, NULL, 'PHYSICS 3A - 1999', 'PAST PAPER', NULL, NULL, 1999, NULL, NULL, NULL, 0, 0, NULL, 'Hardcover', 'Book', 'Huge', 'Digital', NULL, NULL, NULL, NULL, NULL, NULL, NULL, '2019-12-14 18:38:00', '2019-12-14 18:38:00', NULL, NULL, NULL, NULL),
(237, NULL, NULL, NULL, 239, NULL, 'PHYSICS 2C - F4 - 2015', 'PAST PAPER', NULL, NULL, 2015, NULL, NULL, NULL, 0, 0, NULL, 'Hardcover', 'Book', 'Huge', 'Digital', NULL, NULL, NULL, NULL, NULL, NULL, NULL, '2019-12-14 18:38:52', '2019-12-14 18:38:18', NULL, NULL, NULL, NULL),
(238, NULL, NULL, NULL, 240, NULL, 'BASIC MATH - 2011', NULL, NULL, NULL, 2011, NULL, NULL, NULL, 0, 0, NULL, 'Hardcover', 'Book', 'Huge', 'Digital', NULL, NULL, NULL, NULL, NULL, NULL, NULL, '2019-12-14 18:38:53', '2019-12-14 18:38:53', NULL, NULL, NULL, NULL),
(239, NULL, NULL, NULL, 241, NULL, 'PHYSICS 2C - F4 - 2014', 'PAST PAPER', NULL, NULL, 2014, NULL, NULL, NULL, 0, 0, NULL, 'Hardcover', 'Book', 'Huge', 'Digital', NULL, NULL, NULL, NULL, NULL, NULL, NULL, '2019-12-14 18:39:56', '2019-12-14 18:39:56', NULL, NULL, NULL, NULL),
(240, NULL, NULL, NULL, 242, NULL, 'BASIC MATH - 2012', NULL, NULL, NULL, 2012, NULL, NULL, NULL, 0, 0, NULL, 'Hardcover', 'Book', 'Huge', 'Digital', NULL, NULL, NULL, NULL, NULL, NULL, NULL, '2019-12-14 18:40:17', '2019-12-14 18:40:17', NULL, NULL, NULL, NULL),
(241, NULL, NULL, NULL, 244, NULL, 'PHYSICS 2C - F4 - 2013', 'PAST PAPER', NULL, NULL, 2013, NULL, NULL, NULL, 0, 0, NULL, 'Hardcover', 'Book', 'Huge', 'Digital', NULL, NULL, NULL, NULL, NULL, NULL, NULL, '2019-12-14 18:41:04', '2019-12-14 18:41:04', NULL, NULL, NULL, NULL),
(242, NULL, NULL, NULL, 243, NULL, 'COMMERCE 2-F6- 2015', 'PAST PAPER', NULL, NULL, 2015, NULL, NULL, NULL, 0, 0, NULL, 'Hardcover', 'Book', 'Huge', 'Digital', NULL, NULL, NULL, NULL, NULL, NULL, NULL, '2019-12-14 18:41:15', '2019-12-14 18:41:15', NULL, NULL, NULL, NULL),
(243, NULL, NULL, NULL, 246, NULL, 'BASIC MATH - 2013 F2', NULL, NULL, NULL, 2013, NULL, NULL, NULL, 0, 0, NULL, 'Hardcover', 'Book', 'Huge', 'Digital', NULL, NULL, NULL, NULL, NULL, NULL, NULL, '2019-12-14 18:41:24', '2019-12-14 18:41:24', NULL, NULL, NULL, NULL),
(244, NULL, NULL, NULL, 245, NULL, 'PHYSICS 2C - F4 - 2012', 'PAST PAPER', NULL, NULL, 2012, NULL, NULL, NULL, 0, 0, NULL, 'Hardcover', 'Book', 'Huge', 'Digital', NULL, NULL, NULL, NULL, NULL, NULL, NULL, '2019-12-14 18:41:57', '2019-12-14 18:41:57', NULL, NULL, NULL, NULL),
(245, NULL, NULL, NULL, 247, NULL, 'BASIC MATH - 2013', NULL, NULL, NULL, 2013, NULL, NULL, NULL, 0, 0, NULL, 'Hardcover', 'Book', 'Huge', 'Digital', NULL, NULL, NULL, NULL, NULL, NULL, NULL, '2019-12-14 18:42:05', '2019-12-14 18:42:05', NULL, NULL, NULL, NULL),
(246, NULL, NULL, NULL, 248, NULL, 'BASIC MATH - 2014 F2', NULL, NULL, NULL, NULL, NULL, NULL, NULL, 0, 0, NULL, 'Hardcover', 'Book', 'Huge', 'Digital', NULL, NULL, NULL, NULL, NULL, NULL, NULL, '2019-12-14 18:42:43', '2019-12-14 18:42:43', NULL, NULL, NULL, NULL),
(247, NULL, NULL, NULL, 250, NULL, 'PHYSICS 2C - F4 - 2011', 'PAST PAPER', NULL, NULL, 2011, NULL, NULL, NULL, 0, 0, NULL, 'Hardcover', 'Book', 'Huge', 'Digital', NULL, NULL, NULL, NULL, NULL, NULL, NULL, '2019-12-14 18:43:11', '2019-12-14 18:42:48', NULL, NULL, NULL, NULL),
(248, NULL, NULL, NULL, 249, NULL, 'COMMERCE 2-F6- 2016', 'PAST PAPER', NULL, NULL, 2016, NULL, NULL, NULL, 0, 0, NULL, 'Hardcover', 'Book', 'Huge', 'Digital', NULL, NULL, NULL, NULL, NULL, NULL, NULL, '2019-12-14 18:47:22', '2019-12-14 18:42:48', NULL, NULL, NULL, NULL),
(249, NULL, NULL, NULL, 251, NULL, 'BASIC MATH - 2014', NULL, NULL, NULL, 2014, NULL, NULL, NULL, 0, 0, NULL, 'Hardcover', 'Book', 'Huge', 'Digital', NULL, NULL, NULL, NULL, NULL, NULL, NULL, '2019-12-14 18:43:26', '2019-12-14 18:43:26', NULL, NULL, NULL, NULL),
(250, NULL, NULL, NULL, 252, NULL, 'PHYSICS 2C - F4 - 2010', 'PAST PAPER', NULL, NULL, 2010, NULL, NULL, NULL, 0, 0, NULL, 'Hardcover', 'Book', 'Huge', 'Digital', NULL, NULL, NULL, NULL, NULL, NULL, NULL, '2019-12-14 18:44:06', '2019-12-14 18:44:06', NULL, NULL, NULL, NULL),
(251, NULL, NULL, NULL, 253, NULL, 'PHYSICS 2B - F4 - 2017', 'PAST PAPER', NULL, NULL, 2017, NULL, NULL, NULL, 0, 0, NULL, 'Hardcover', 'Book', 'Huge', 'Digital', NULL, NULL, NULL, NULL, NULL, NULL, NULL, '2019-12-14 18:44:54', '2019-12-14 18:44:26', NULL, NULL, NULL, NULL),
(252, NULL, NULL, NULL, 254, NULL, 'PHYSICS 2B - F4 - 2016', 'PAST PAPER', NULL, NULL, 2016, NULL, NULL, NULL, 0, 0, NULL, 'Hardcover', 'Book', 'Huge', 'Digital', NULL, NULL, NULL, NULL, NULL, NULL, NULL, '2019-12-14 18:45:40', '2019-12-14 18:45:08', NULL, NULL, NULL, NULL),
(253, NULL, NULL, NULL, 255, NULL, 'PHYSICS 2B - F4 - 2015', 'PAST PAPER', NULL, NULL, 2015, NULL, NULL, NULL, 0, 0, NULL, 'Hardcover', 'Book', 'Huge', 'Digital', NULL, NULL, NULL, NULL, NULL, NULL, NULL, '2019-12-14 18:46:28', '2019-12-14 18:45:59', NULL, NULL, NULL, NULL),
(254, NULL, NULL, NULL, 257, NULL, 'BASIC MATH - 2015 F2', NULL, NULL, NULL, 2015, NULL, NULL, NULL, 0, 0, NULL, 'Hardcover', 'Book', 'Huge', 'Digital', NULL, NULL, NULL, NULL, NULL, NULL, NULL, '2019-12-14 18:48:16', '2019-12-14 18:48:16', NULL, NULL, NULL, NULL),
(255, NULL, NULL, NULL, 256, NULL, 'COMMERCE 2-F6- 2018', 'PAST PAPER', NULL, NULL, 2018, NULL, NULL, NULL, 0, 0, NULL, 'Hardcover', 'Book', 'Huge', 'Digital', NULL, NULL, NULL, NULL, NULL, NULL, NULL, '2019-12-14 18:49:41', '2019-12-14 18:49:41', NULL, NULL, NULL, NULL),
(256, NULL, NULL, NULL, 258, NULL, 'BASIC MATH - 2008 F2', NULL, NULL, NULL, 2008, NULL, NULL, NULL, 0, 0, NULL, 'Hardcover', 'Book', 'Huge', 'Digital', NULL, NULL, NULL, NULL, NULL, NULL, NULL, '2019-12-14 18:50:57', '2019-12-14 18:50:57', NULL, NULL, NULL, NULL),
(257, NULL, NULL, NULL, 260, NULL, 'BASIC MATH - 2009 F2', NULL, NULL, NULL, 2009, NULL, NULL, NULL, 0, 0, NULL, 'Hardcover', 'Book', 'Huge', 'Digital', NULL, NULL, NULL, NULL, NULL, NULL, NULL, '2019-12-14 18:52:38', '2019-12-14 18:52:38', NULL, NULL, NULL, NULL),
(258, NULL, NULL, NULL, 259, NULL, 'COMPUTER 1 -F4-2006', 'PAST PAPER', NULL, NULL, 2006, NULL, NULL, NULL, 0, 0, NULL, 'Hardcover', 'Book', 'Huge', 'Digital', NULL, NULL, NULL, NULL, NULL, NULL, NULL, '2019-12-14 18:52:58', '2019-12-14 18:52:58', NULL, NULL, NULL, NULL),
(259, NULL, NULL, NULL, 261, NULL, 'BASIC MATH - 2012 F2', NULL, NULL, NULL, NULL, NULL, NULL, NULL, 0, 0, NULL, 'Hardcover', 'Book', 'Huge', 'Digital', NULL, NULL, NULL, NULL, NULL, NULL, NULL, '2019-12-14 18:53:58', '2019-12-14 18:53:58', NULL, NULL, NULL, NULL),
(260, NULL, NULL, NULL, 263, NULL, 'BASIC MATH - 2016 F2', NULL, NULL, NULL, NULL, NULL, NULL, NULL, 0, 0, NULL, 'Hardcover', 'Book', 'Huge', 'Digital', NULL, NULL, NULL, NULL, NULL, NULL, NULL, '2019-12-14 18:54:53', '2019-12-14 18:54:53', NULL, NULL, NULL, NULL),
(261, NULL, NULL, NULL, 264, NULL, 'PHYSICS 2B - F4 - 2014', 'PAST PAPER', NULL, NULL, 2014, NULL, NULL, NULL, 0, 0, NULL, 'Hardcover', 'Book', 'Huge', 'Digital', NULL, NULL, NULL, NULL, NULL, NULL, NULL, '2019-12-14 18:56:00', '2019-12-14 18:55:28', NULL, NULL, NULL, NULL),
(262, NULL, NULL, NULL, 265, NULL, 'BASIC MATH - 2017 F2', NULL, NULL, NULL, 2017, NULL, NULL, NULL, 0, 0, NULL, 'Hardcover', 'Book', 'Huge', 'Digital', NULL, NULL, NULL, NULL, NULL, NULL, NULL, '2019-12-14 18:55:49', '2019-12-14 18:55:49', NULL, NULL, NULL, NULL),
(263, NULL, NULL, NULL, 266, NULL, 'PHYSICS 2B - F4 - 2013', 'PAST PAPER', NULL, NULL, 2013, NULL, NULL, NULL, 0, 0, NULL, 'Hardcover', 'Book', 'Huge', 'Digital', NULL, NULL, NULL, NULL, NULL, NULL, NULL, '2019-12-14 18:57:11', '2019-12-14 18:57:11', NULL, NULL, NULL, NULL),
(264, NULL, NULL, NULL, 267, NULL, 'PHYSICS 2B - F4 - 2012', 'PAST PAPER', NULL, NULL, 2012, NULL, NULL, NULL, 0, 0, NULL, 'Hardcover', 'Book', 'Huge', 'Digital', NULL, NULL, NULL, NULL, NULL, NULL, NULL, '2019-12-14 18:58:11', '2019-12-14 18:58:11', NULL, NULL, NULL, NULL),
(265, NULL, NULL, NULL, 262, NULL, 'COMPUTER 1 -F4- 2007', 'PAST PAPER', NULL, NULL, 2007, NULL, NULL, NULL, 0, 0, NULL, 'Hardcover', 'Book', 'Huge', 'Digital', NULL, NULL, NULL, NULL, NULL, NULL, NULL, '2019-12-14 18:58:20', '2019-12-14 18:58:20', NULL, NULL, NULL, NULL),
(266, NULL, NULL, NULL, 268, NULL, 'PHYSICS 2B - F4 - 2011', 'PAST PAPER', NULL, NULL, 2011, NULL, NULL, NULL, 0, 0, NULL, 'Hardcover', 'Book', 'Huge', 'Digital', NULL, NULL, NULL, NULL, NULL, NULL, NULL, '2019-12-14 18:58:58', '2019-12-14 18:58:30', NULL, NULL, NULL, NULL),
(267, NULL, NULL, NULL, 270, NULL, 'PHYSICS 2B - F4 - 2010', 'PAST PAPER', NULL, NULL, 2010, NULL, NULL, NULL, 0, 0, NULL, 'Hardcover', 'Book', 'Huge', 'Digital', NULL, NULL, NULL, NULL, NULL, NULL, NULL, '2019-12-14 18:59:44', '2019-12-14 18:59:13', NULL, NULL, NULL, NULL),
(268, NULL, NULL, NULL, 271, NULL, 'BASIC MATH - 2018 F2', NULL, NULL, NULL, 2018, NULL, NULL, NULL, 0, 0, NULL, 'Hardcover', 'Book', 'Huge', 'Digital', NULL, NULL, NULL, NULL, NULL, NULL, NULL, '2019-12-14 18:59:20', '2019-12-14 18:59:20', NULL, NULL, NULL, NULL),
(269, NULL, NULL, NULL, 272, NULL, 'PHYSICS 2B - 2003', 'PAST PAPER', NULL, NULL, 2003, NULL, NULL, NULL, 0, 0, NULL, 'Hardcover', 'Book', 'Huge', 'Digital', NULL, NULL, NULL, NULL, NULL, NULL, NULL, '2019-12-14 19:00:34', '2019-12-14 19:00:34', NULL, NULL, NULL, NULL),
(270, NULL, NULL, NULL, 273, NULL, 'PHYSICS 2B - 1998', 'PAST PAPER', NULL, NULL, 1998, NULL, NULL, NULL, 0, 0, NULL, 'Hardcover', 'Book', 'Huge', 'Digital', NULL, NULL, NULL, NULL, NULL, NULL, NULL, '2019-12-14 19:01:25', '2019-12-14 19:00:54', NULL, NULL, NULL, NULL),
(271, NULL, NULL, NULL, 269, NULL, 'COMPUTER 1 -F4- 2007', 'PAST PAPER', NULL, NULL, 2007, NULL, NULL, NULL, 0, 0, NULL, 'Hardcover', 'Book', 'Huge', 'Digital', NULL, NULL, NULL, NULL, NULL, NULL, NULL, '2019-12-14 19:01:05', '2019-12-14 19:01:05', NULL, NULL, NULL, NULL),
(272, NULL, NULL, NULL, 274, NULL, 'PHYSICS 2A - F4 - 2018', 'PAST PAPER', NULL, NULL, 2018, NULL, NULL, NULL, 0, 0, NULL, 'Hardcover', 'Book', 'Huge', 'Digital', NULL, NULL, NULL, NULL, NULL, NULL, NULL, '2019-12-14 19:02:20', '2019-12-14 19:01:52', NULL, NULL, NULL, NULL),
(273, NULL, NULL, NULL, 276, NULL, 'PHYSICS 2A - F4 - 2017', 'PAST PAPER', NULL, NULL, 2017, NULL, NULL, NULL, 0, 0, NULL, 'Hardcover', 'Book', 'Huge', 'Digital', NULL, NULL, NULL, NULL, NULL, NULL, NULL, '2019-12-14 19:03:05', '2019-12-14 19:02:35', NULL, NULL, NULL, NULL),
(274, NULL, NULL, NULL, 275, NULL, 'COMPUTER 1  -F4- 2008', 'PAST PAPER', NULL, NULL, 2008, NULL, NULL, NULL, 0, 0, NULL, 'Hardcover', 'Book', 'Huge', 'Digital', NULL, NULL, NULL, NULL, NULL, NULL, NULL, '2019-12-14 19:03:52', '2019-12-14 19:03:52', NULL, NULL, NULL, NULL),
(275, NULL, NULL, NULL, 277, NULL, 'BASIC MATH - 2014 F2', NULL, NULL, NULL, 2014, NULL, NULL, NULL, 0, 0, NULL, 'Hardcover', 'Book', 'Huge', 'Digital', NULL, NULL, NULL, NULL, NULL, NULL, NULL, '2019-12-14 19:04:04', '2019-12-14 19:04:04', NULL, NULL, NULL, NULL),
(276, NULL, NULL, NULL, 279, NULL, 'PHYSICS 2A - F4 - 2016', 'PAST PAPER', NULL, NULL, 2016, NULL, NULL, NULL, 0, 0, NULL, 'Hardcover', 'Book', 'Huge', 'Digital', NULL, NULL, NULL, NULL, NULL, NULL, NULL, '2019-12-14 19:05:54', '2019-12-14 19:05:11', NULL, NULL, NULL, NULL),
(277, NULL, NULL, NULL, 280, NULL, 'PHYSICS 2A - F4 - 2015', NULL, NULL, NULL, 2015, NULL, NULL, NULL, 0, 0, NULL, 'Hardcover', 'Book', 'Huge', 'Digital', NULL, NULL, NULL, NULL, NULL, NULL, NULL, '2019-12-14 19:06:45', '2019-12-14 19:06:13', NULL, NULL, NULL, NULL),
(278, NULL, NULL, NULL, 278, NULL, 'COMPUTER 1 -F4- 2009', 'PAST PAPER', NULL, NULL, 2009, NULL, NULL, NULL, 0, 0, NULL, 'Hardcover', 'Book', 'Huge', 'Digital', NULL, NULL, NULL, NULL, NULL, NULL, NULL, '2019-12-14 19:06:39', '2019-12-14 19:06:39', NULL, NULL, NULL, NULL),
(279, NULL, NULL, NULL, 281, NULL, 'PHYSICS 2A - F4 - 2012', NULL, NULL, NULL, 2012, NULL, NULL, NULL, 0, 0, NULL, 'Hardcover', 'Book', 'Huge', 'Digital', NULL, NULL, NULL, NULL, NULL, NULL, NULL, '2019-12-14 19:07:47', '2019-12-14 19:07:17', NULL, NULL, NULL, NULL),
(280, NULL, NULL, NULL, 282, NULL, 'COMPUTER 1 -F4- 2010', 'PAST PAPER', NULL, NULL, 2010, NULL, NULL, NULL, 0, 0, NULL, 'Hardcover', 'Book', 'Huge', 'Digital', NULL, NULL, NULL, NULL, NULL, NULL, NULL, '2019-12-14 19:08:22', '2019-12-14 19:07:20', NULL, NULL, NULL, NULL),
(281, NULL, NULL, NULL, 284, NULL, 'PHYSICS 2A - F4 - 2010', NULL, NULL, NULL, 2010, NULL, NULL, NULL, 0, 0, NULL, 'Hardcover', 'Book', 'Huge', 'Digital', NULL, NULL, NULL, NULL, NULL, NULL, NULL, '2019-12-14 19:09:00', '2019-12-14 19:08:45', NULL, NULL, NULL, NULL),
(282, NULL, NULL, NULL, 285, NULL, 'PHYSICS 2A - 2014', NULL, NULL, NULL, 2014, NULL, NULL, NULL, 0, 0, NULL, 'Hardcover', 'Book', 'Huge', 'Digital', NULL, NULL, NULL, NULL, NULL, NULL, NULL, '2019-12-14 19:09:45', '2019-12-14 19:09:45', NULL, NULL, NULL, NULL),
(283, NULL, NULL, NULL, 286, NULL, 'PHYSICS 2A - 2013', NULL, NULL, NULL, 2013, NULL, NULL, NULL, 0, 0, NULL, 'Hardcover', 'Book', 'Huge', 'Digital', NULL, NULL, NULL, NULL, NULL, NULL, NULL, '2019-12-14 19:10:38', '2019-12-14 19:10:13', NULL, NULL, NULL, NULL),
(284, NULL, NULL, NULL, 287, NULL, 'PHYSICS 2A - 2011', NULL, NULL, NULL, 2011, NULL, NULL, NULL, 0, 0, NULL, 'Hardcover', 'Book', 'Huge', 'Digital', NULL, NULL, NULL, NULL, NULL, NULL, NULL, '2019-12-14 19:11:09', '2019-12-14 19:10:51', NULL, NULL, NULL, NULL),
(285, NULL, NULL, NULL, 288, NULL, 'PHYSICS 2A - 2009', NULL, NULL, NULL, 2009, NULL, NULL, NULL, 0, 0, NULL, 'Hardcover', 'Book', 'Huge', 'Digital', NULL, NULL, NULL, NULL, NULL, NULL, NULL, '2019-12-14 19:11:53', '2019-12-14 19:11:40', NULL, NULL, NULL, NULL),
(286, NULL, NULL, NULL, 283, NULL, 'COMPUTER 1 -F4- 2011', 'PAST PAPER', NULL, NULL, 2011, NULL, NULL, NULL, 0, 0, NULL, 'Hardcover', 'Book', 'Huge', 'Digital', NULL, NULL, NULL, NULL, NULL, NULL, NULL, '2019-12-14 19:11:44', '2019-12-14 19:11:44', NULL, NULL, NULL, NULL),
(287, NULL, NULL, NULL, 289, NULL, 'PHYSICS 2A - 2008', NULL, NULL, NULL, 2008, NULL, NULL, NULL, 0, 0, NULL, 'Hardcover', 'Book', 'Huge', 'Digital', NULL, NULL, NULL, NULL, NULL, NULL, NULL, '2019-12-14 19:12:28', '2019-12-14 19:12:28', NULL, NULL, NULL, NULL),
(288, NULL, NULL, NULL, 291, NULL, 'BASIC MATH F4 - 2009', NULL, NULL, NULL, 2009, NULL, NULL, NULL, 0, 0, NULL, 'Hardcover', 'Book', 'Huge', 'Digital', NULL, NULL, NULL, NULL, NULL, NULL, NULL, '2019-12-14 19:12:36', '2019-12-14 19:12:36', NULL, NULL, NULL, NULL),
(289, NULL, NULL, NULL, 292, NULL, 'PHYSICS 2A - 2007', NULL, NULL, NULL, 2007, NULL, NULL, NULL, 0, 0, NULL, 'Hardcover', 'Book', 'Huge', 'Digital', NULL, NULL, NULL, NULL, NULL, NULL, NULL, '2019-12-14 19:13:04', '2019-12-14 19:12:46', NULL, NULL, NULL, NULL),
(290, NULL, NULL, NULL, 290, NULL, 'COMPUTER 1 -F4- 2012', 'PAST PAPER', NULL, NULL, 2012, NULL, NULL, NULL, 0, 0, NULL, 'Hardcover', 'Book', 'Huge', 'Digital', NULL, NULL, NULL, NULL, NULL, NULL, NULL, '2019-12-14 19:13:24', '2019-12-14 19:13:24', NULL, NULL, NULL, NULL),
(291, NULL, NULL, NULL, 293, NULL, 'PHYSICS 2A - 2006', NULL, NULL, NULL, 2006, NULL, NULL, NULL, 0, 0, NULL, 'Hardcover', 'Book', 'Huge', 'Digital', NULL, NULL, NULL, NULL, NULL, NULL, NULL, '2019-12-14 19:13:51', '2019-12-14 19:13:51', NULL, NULL, NULL, NULL),
(292, NULL, NULL, NULL, 294, NULL, 'BASIC MATH F4 - 2016', NULL, NULL, NULL, 2016, NULL, NULL, NULL, 0, 0, NULL, 'Hardcover', 'Book', 'Huge', 'Digital', NULL, NULL, NULL, NULL, NULL, NULL, NULL, '2019-12-14 19:14:00', '2019-12-14 19:14:00', NULL, NULL, NULL, NULL),
(293, NULL, NULL, NULL, 295, NULL, 'PHYSICS 2A - 2005', NULL, NULL, NULL, 2005, NULL, NULL, NULL, 0, 0, NULL, 'Hardcover', 'Book', 'Huge', 'Digital', NULL, NULL, NULL, NULL, NULL, NULL, NULL, '2019-12-14 19:14:42', '2019-12-14 19:14:42', NULL, NULL, NULL, NULL),
(294, NULL, NULL, NULL, 296, NULL, 'COMPUTER 1 -F4- 2013', 'PAST PAPER', NULL, NULL, 2013, NULL, NULL, NULL, 0, 0, NULL, 'Hardcover', 'Book', 'Huge', 'Digital', NULL, NULL, NULL, NULL, NULL, NULL, NULL, '2019-12-14 19:14:56', '2019-12-14 19:14:56', NULL, NULL, NULL, NULL),
(295, NULL, NULL, NULL, 297, NULL, 'PHYSICS 2A - 2004', NULL, NULL, NULL, 2004, NULL, NULL, NULL, 0, 0, NULL, 'Hardcover', 'Book', 'Huge', 'Digital', NULL, NULL, NULL, NULL, NULL, NULL, NULL, '2019-12-14 19:15:19', '2019-12-14 19:15:00', NULL, NULL, NULL, NULL),
(296, NULL, NULL, NULL, 298, NULL, 'BASIC MATH F4 - 2017', NULL, NULL, NULL, 2017, NULL, NULL, NULL, 0, 0, NULL, 'Hardcover', 'Book', 'Huge', 'Digital', NULL, NULL, NULL, NULL, NULL, NULL, NULL, '2019-12-14 19:15:42', '2019-12-14 19:15:42', NULL, NULL, NULL, NULL),
(297, NULL, NULL, NULL, 300, NULL, 'PHYSICS 2 - F6 - 2019', NULL, NULL, NULL, 2019, NULL, NULL, NULL, 0, 0, NULL, 'Hardcover', 'Book', 'Huge', 'Digital', NULL, NULL, NULL, NULL, NULL, NULL, NULL, '2019-12-14 19:16:36', '2019-12-14 19:15:50', NULL, NULL, NULL, NULL),
(298, NULL, NULL, NULL, 299, NULL, 'COMPUTER 1 -F4- 2014', 'PAST PAPER', NULL, NULL, 2014, NULL, NULL, NULL, 0, 0, NULL, 'Hardcover', 'Book', 'Huge', 'Digital', NULL, NULL, NULL, NULL, NULL, NULL, NULL, '2019-12-14 19:16:20', '2019-12-14 19:16:20', NULL, NULL, NULL, NULL),
(299, NULL, NULL, NULL, 301, NULL, 'BASIC MATH F4 2018', NULL, NULL, NULL, 2018, NULL, NULL, NULL, 0, 0, NULL, 'Hardcover', 'Book', 'Huge', 'Digital', NULL, NULL, NULL, NULL, NULL, NULL, NULL, '2019-12-14 19:16:42', '2019-12-14 19:16:42', NULL, NULL, NULL, NULL),
(300, NULL, NULL, NULL, 302, NULL, 'PHYSICS 2 - F6 - 2018', NULL, NULL, NULL, 2018, NULL, NULL, NULL, 0, 0, NULL, 'Hardcover', 'Book', 'Huge', 'Digital', NULL, NULL, NULL, NULL, NULL, NULL, NULL, '2019-12-14 19:17:22', '2019-12-14 19:16:55', NULL, NULL, NULL, NULL),
(301, NULL, NULL, NULL, 303, NULL, 'BASIC MATH 2009', NULL, NULL, NULL, 2009, NULL, NULL, NULL, 0, 0, NULL, 'Hardcover', 'Book', 'Huge', 'Digital', NULL, NULL, NULL, NULL, NULL, NULL, NULL, '2019-12-14 19:17:35', '2019-12-14 19:17:35', NULL, NULL, NULL, NULL),
(302, NULL, NULL, NULL, 304, NULL, 'PHYSICS 2 - F6 - 2017', NULL, NULL, NULL, 2017, NULL, NULL, NULL, 0, 0, NULL, 'Hardcover', 'Book', 'Huge', 'Digital', NULL, NULL, NULL, NULL, NULL, NULL, NULL, '2019-12-14 19:17:56', '2019-12-14 19:17:56', NULL, NULL, NULL, NULL),
(303, NULL, NULL, NULL, 306, NULL, 'BASIC MATH - 2014', NULL, NULL, NULL, 2014, NULL, NULL, NULL, 0, 0, NULL, 'Hardcover', 'Book', 'Huge', 'Digital', NULL, NULL, NULL, NULL, NULL, NULL, NULL, '2019-12-14 19:18:33', '2019-12-14 19:18:33', NULL, NULL, NULL, NULL),
(304, NULL, NULL, NULL, 305, NULL, 'PHYSICS 2 - F6 - 2016', NULL, NULL, NULL, 2016, NULL, NULL, NULL, 0, 0, NULL, 'Hardcover', 'Book', 'Huge', 'Digital', NULL, NULL, NULL, NULL, NULL, NULL, NULL, '2019-12-14 19:18:53', '2019-12-14 19:18:53', NULL, NULL, NULL, NULL),
(305, NULL, NULL, NULL, 307, NULL, 'COMPUTER 1 -F4- 2015', 'PAST PAPER', NULL, NULL, 2015, NULL, NULL, NULL, 0, 0, NULL, 'Hardcover', 'Book', 'Huge', 'Digital', NULL, NULL, NULL, NULL, NULL, NULL, NULL, '2019-12-14 19:19:34', '2019-12-14 19:18:59', NULL, NULL, NULL, NULL),
(306, NULL, NULL, NULL, 309, NULL, 'BASIC MATH F4 - 2015', NULL, NULL, NULL, NULL, NULL, NULL, NULL, 0, 0, NULL, 'Hardcover', 'Book', 'Huge', 'Digital', NULL, NULL, NULL, NULL, NULL, NULL, NULL, '2019-12-14 19:19:59', '2019-12-14 19:19:59', NULL, NULL, NULL, NULL),
(307, NULL, NULL, NULL, 308, NULL, 'PHYSICS 2 - F6 - 2013', NULL, NULL, NULL, 2013, NULL, NULL, NULL, 0, 0, NULL, 'Hardcover', 'Book', 'Huge', 'Digital', NULL, NULL, NULL, NULL, NULL, NULL, NULL, '2019-12-14 19:19:59', '2019-12-14 19:19:59', NULL, NULL, NULL, NULL),
(308, NULL, NULL, NULL, 310, NULL, 'PHYSICS 2 - F6 - 2009', NULL, NULL, NULL, 2009, NULL, NULL, NULL, 0, 0, NULL, 'Hardcover', 'Book', 'Huge', 'Digital', NULL, NULL, NULL, NULL, NULL, NULL, NULL, '2019-12-14 19:21:13', '2019-12-14 19:20:23', NULL, NULL, NULL, NULL),
(309, NULL, NULL, NULL, 311, NULL, 'PHYSICS 2 - F6 - 2007', NULL, NULL, NULL, 2007, NULL, NULL, NULL, 0, 0, NULL, 'Hardcover', 'Book', 'Huge', 'Digital', NULL, NULL, NULL, NULL, NULL, NULL, NULL, '2019-12-14 19:21:57', '2019-12-14 19:21:33', NULL, NULL, NULL, NULL),
(310, NULL, NULL, NULL, 313, NULL, 'PHYSICS 2 - F4 - 2015', NULL, NULL, NULL, 2015, NULL, NULL, NULL, 0, 0, NULL, 'Hardcover', 'Book', 'Huge', 'Digital', NULL, NULL, NULL, NULL, NULL, NULL, NULL, '2019-12-14 19:22:49', '2019-12-14 19:22:21', NULL, NULL, NULL, NULL),
(311, NULL, NULL, NULL, 312, NULL, 'COMPUTER 1 -F4- 2016', 'PAST PAPER', NULL, NULL, 2016, NULL, NULL, NULL, 0, 0, NULL, 'Hardcover', 'Book', 'Huge', 'Digital', NULL, NULL, NULL, NULL, NULL, NULL, NULL, '2019-12-14 19:22:49', '2019-12-14 19:22:49', NULL, NULL, NULL, NULL),
(312, NULL, NULL, NULL, 314, NULL, 'BIOLOGY 2005 F2', NULL, NULL, NULL, 2005, NULL, NULL, NULL, 0, 0, NULL, 'Hardcover', 'Book', 'Huge', 'Digital', NULL, NULL, NULL, NULL, NULL, NULL, NULL, '2019-12-14 19:22:54', '2019-12-14 19:22:54', NULL, NULL, NULL, NULL),
(313, NULL, NULL, NULL, 315, NULL, 'PHYSICS 2 - F4 - 2014', NULL, NULL, NULL, 2014, NULL, NULL, NULL, 0, 0, NULL, 'Hardcover', 'Book', 'Huge', 'Digital', NULL, NULL, NULL, NULL, NULL, NULL, NULL, '2019-12-14 19:23:37', '2019-12-14 19:23:16', NULL, NULL, NULL, NULL),
(314, NULL, NULL, NULL, 316, NULL, 'COMPUTER 1 -F4- 2017', 'PAST PAPER', NULL, NULL, 2017, NULL, NULL, NULL, 0, 0, NULL, 'Hardcover', 'Book', 'Huge', 'Digital', NULL, NULL, NULL, NULL, NULL, NULL, NULL, '2019-12-14 19:24:42', '2019-12-14 19:23:45', NULL, NULL, NULL, NULL),
(315, NULL, NULL, NULL, 317, NULL, 'PHYSICS 2 - F4 - 2013', NULL, NULL, NULL, 2013, NULL, NULL, NULL, 0, 0, NULL, 'Hardcover', 'Book', 'Huge', 'Digital', NULL, NULL, NULL, NULL, NULL, NULL, NULL, '2019-12-14 19:24:07', '2019-12-14 19:23:50', NULL, NULL, NULL, NULL),
(316, NULL, NULL, NULL, 318, NULL, 'BIOLOGY 2006 F2', NULL, NULL, NULL, 2006, NULL, NULL, NULL, 0, 0, NULL, 'Hardcover', 'Book', 'Huge', 'Digital', NULL, NULL, NULL, NULL, NULL, NULL, NULL, '2019-12-14 19:24:14', '2019-12-14 19:24:14', NULL, NULL, NULL, NULL),
(317, NULL, NULL, NULL, 319, NULL, 'PHYSICS 2 - F4 - 2012', NULL, NULL, NULL, 2012, NULL, NULL, NULL, 0, 0, NULL, 'Hardcover', 'Book', 'Huge', 'Digital', NULL, NULL, NULL, NULL, NULL, NULL, NULL, '2019-12-14 19:24:38', '2019-12-14 19:24:38', NULL, NULL, NULL, NULL),
(318, NULL, NULL, NULL, 320, NULL, 'PHYSICS 2 - F4 - 2011', NULL, NULL, NULL, 2011, NULL, NULL, NULL, 0, 0, NULL, 'Hardcover', 'Book', 'Huge', 'Digital', NULL, NULL, NULL, NULL, NULL, NULL, NULL, '2019-12-14 19:25:05', '2019-12-14 19:24:51', NULL, NULL, NULL, NULL),
(319, NULL, NULL, NULL, 321, NULL, 'COMPUTER 2 -F4- 2006', 'PAST PAPER', NULL, NULL, 2006, NULL, NULL, NULL, 0, 0, NULL, 'Hardcover', 'Book', 'Huge', 'Digital', NULL, NULL, NULL, NULL, NULL, NULL, NULL, '2019-12-14 19:25:33', '2019-12-14 19:25:33', NULL, NULL, NULL, NULL),
(320, NULL, NULL, NULL, 322, NULL, 'PHYSICS 1 - F6 - 2019', NULL, NULL, NULL, 2019, NULL, NULL, NULL, 0, 0, NULL, 'Hardcover', 'Book', 'Huge', 'Digital', NULL, NULL, NULL, NULL, NULL, NULL, NULL, '2019-12-14 19:26:13', '2019-12-14 19:25:37', NULL, NULL, NULL, NULL),
(321, NULL, NULL, NULL, 324, NULL, 'PHYSICS 1 - F6 - 2018', NULL, NULL, NULL, 2018, NULL, NULL, NULL, 0, 0, NULL, 'Hardcover', 'Book', 'Huge', 'Digital', NULL, NULL, NULL, NULL, NULL, NULL, NULL, '2019-12-14 19:26:47', '2019-12-14 19:26:28', NULL, NULL, NULL, NULL),
(322, NULL, NULL, NULL, 323, NULL, 'COMPUTER 2 -F4- 2008', 'PAST PAPER', NULL, NULL, 2008, NULL, NULL, NULL, 0, 0, NULL, 'Hardcover', 'Book', 'Huge', 'Digital', NULL, NULL, NULL, NULL, NULL, NULL, NULL, '2019-12-14 19:26:59', '2019-12-14 19:26:59', NULL, NULL, NULL, NULL),
(323, NULL, NULL, NULL, 325, NULL, 'PHYSICS 1 - F6 - 2017', NULL, NULL, NULL, 2017, NULL, NULL, NULL, 0, 0, NULL, 'Hardcover', 'Book', 'Huge', 'Digital', NULL, NULL, NULL, NULL, NULL, NULL, NULL, '2019-12-14 19:27:23', '2019-12-14 19:27:04', NULL, NULL, NULL, NULL),
(324, NULL, NULL, NULL, 326, NULL, 'BIOLOGY 2007 F2', NULL, NULL, NULL, 2007, NULL, NULL, NULL, 0, 0, NULL, 'Hardcover', 'Book', 'Huge', 'Digital', NULL, NULL, NULL, NULL, NULL, NULL, NULL, '2019-12-14 19:27:25', '2019-12-14 19:27:25', NULL, NULL, NULL, NULL),
(325, NULL, NULL, NULL, 328, NULL, 'PHYSICS 1 - F6 - 2016', NULL, NULL, NULL, 2016, NULL, NULL, NULL, 0, 0, NULL, 'Hardcover', 'Book', 'Huge', 'Digital', NULL, NULL, NULL, NULL, NULL, NULL, NULL, '2019-12-14 19:28:24', '2019-12-14 19:27:57', NULL, NULL, NULL, NULL),
(326, NULL, NULL, NULL, 327, NULL, 'COMPUTER 2 -F4- 2009', 'PAST PAPER', NULL, NULL, 2009, NULL, NULL, NULL, 0, 0, NULL, 'Hardcover', 'Book', 'Huge', 'Digital', NULL, NULL, NULL, NULL, NULL, NULL, NULL, '2019-12-14 19:28:25', '2019-12-14 19:28:25', NULL, NULL, NULL, NULL),
(327, NULL, NULL, NULL, 331, NULL, 'BIOLOGY 2013 F2', NULL, NULL, NULL, 2013, NULL, NULL, NULL, 0, 0, NULL, 'Hardcover', 'Book', 'Huge', 'Digital', NULL, NULL, NULL, NULL, NULL, NULL, NULL, '2019-12-14 19:29:12', '2019-12-14 19:29:12', NULL, NULL, NULL, NULL),
(328, NULL, NULL, NULL, 330, NULL, 'LITERATURE F4 2017', NULL, NULL, NULL, 2017, NULL, NULL, NULL, 0, 0, NULL, 'Hardcover', 'Book', 'Huge', 'Digital', NULL, NULL, NULL, NULL, NULL, NULL, NULL, '2019-12-14 19:29:22', '2019-12-14 19:29:22', NULL, NULL, NULL, NULL),
(329, NULL, NULL, NULL, 329, NULL, 'COMPUTER 2 -F4- 2010', 'PAST PAPER', NULL, NULL, 2010, NULL, NULL, NULL, 0, 0, NULL, 'Hardcover', 'Book', 'Huge', 'Digital', NULL, NULL, NULL, NULL, NULL, NULL, NULL, '2019-12-14 19:29:35', '2019-12-14 19:29:35', NULL, NULL, NULL, NULL),
(330, NULL, NULL, NULL, 332, NULL, 'LITERATURE F4 2016', NULL, NULL, NULL, 2016, NULL, NULL, NULL, 0, 0, NULL, 'Hardcover', 'Book', 'Huge', 'Digital', NULL, NULL, NULL, NULL, NULL, NULL, NULL, '2019-12-14 19:29:59', '2019-12-14 19:29:59', NULL, NULL, NULL, NULL),
(331, NULL, NULL, NULL, 334, NULL, 'BIOLOGY 2008 F2', NULL, NULL, NULL, 2008, NULL, NULL, NULL, 0, 0, NULL, 'Hardcover', 'Book', 'Huge', 'Digital', NULL, NULL, NULL, NULL, NULL, NULL, NULL, '2019-12-14 19:30:03', '2019-12-14 19:30:03', NULL, NULL, NULL, NULL),
(332, NULL, NULL, NULL, 335, NULL, 'KISWAHILI 2 F6 2019', NULL, NULL, NULL, 2019, NULL, NULL, NULL, 0, 0, NULL, 'Hardcover', 'Book', 'Huge', 'Digital', NULL, NULL, NULL, NULL, NULL, NULL, NULL, '2019-12-14 19:30:49', '2019-12-14 19:30:27', NULL, NULL, NULL, NULL),
(333, NULL, NULL, NULL, 333, NULL, 'COMPUTER 2 -F4- 2011', 'PAST PAPER', NULL, NULL, 2011, NULL, NULL, NULL, 0, 0, NULL, 'Hardcover', 'Book', 'Huge', 'Digital', NULL, NULL, NULL, NULL, NULL, NULL, NULL, '2019-12-14 19:30:34', '2019-12-14 19:30:34', NULL, NULL, NULL, NULL),
(334, NULL, NULL, NULL, 337, NULL, 'BIOLOGY 2009 F2', NULL, NULL, NULL, 2009, NULL, NULL, NULL, 0, 0, NULL, 'Hardcover', 'Book', 'Huge', 'Digital', NULL, NULL, NULL, NULL, NULL, NULL, NULL, '2019-12-14 19:30:51', '2019-12-14 19:30:51', NULL, NULL, NULL, NULL),
(335, NULL, NULL, NULL, 338, NULL, 'KISWAHILI 2 F6 2017', NULL, NULL, NULL, 2017, NULL, NULL, NULL, 0, 0, NULL, 'Hardcover', 'Book', 'Huge', 'Digital', NULL, NULL, NULL, NULL, NULL, NULL, NULL, '2019-12-14 19:31:49', '2019-12-14 19:31:15', NULL, NULL, NULL, NULL),
(336, NULL, NULL, NULL, 336, NULL, 'COMPUTER 2 -F4- 2012', 'PAST PAPER', NULL, NULL, 2012, NULL, NULL, NULL, 0, 0, NULL, 'Hardcover', 'Book', 'Huge', 'Digital', NULL, NULL, NULL, NULL, NULL, NULL, NULL, '2019-12-14 19:31:23', '2019-12-14 19:31:23', NULL, NULL, NULL, NULL),
(337, NULL, NULL, NULL, 339, NULL, 'COMPUTER 2 -F4- 2013', 'PAST PAPER', NULL, NULL, 2013, NULL, NULL, NULL, 0, 0, NULL, 'Hardcover', 'Book', 'Huge', 'Digital', NULL, NULL, NULL, NULL, NULL, NULL, NULL, '2019-12-14 19:32:10', '2019-12-14 19:31:40', NULL, NULL, NULL, NULL),
(338, NULL, NULL, NULL, 340, NULL, 'BIOLOGY 2012 F2', NULL, NULL, NULL, 2012, NULL, NULL, NULL, 0, 0, NULL, 'Hardcover', 'Book', 'Huge', 'Digital', NULL, NULL, NULL, NULL, NULL, NULL, NULL, '2019-12-14 19:31:48', '2019-12-14 19:31:48', NULL, NULL, NULL, NULL),
(339, NULL, NULL, NULL, 341, NULL, 'KISWAHILI 2 F6 2016', NULL, NULL, NULL, 2016, NULL, NULL, NULL, 0, 0, NULL, 'Hardcover', 'Book', 'Huge', 'Digital', NULL, NULL, NULL, NULL, NULL, NULL, NULL, '2019-12-14 19:32:27', '2019-12-14 19:32:09', NULL, NULL, NULL, NULL),
(340, NULL, NULL, NULL, 344, NULL, 'BIOLOGY 2014 F2', NULL, NULL, NULL, 2014, NULL, NULL, NULL, 0, 0, NULL, 'Hardcover', 'Book', 'Huge', 'Digital', NULL, NULL, NULL, NULL, NULL, NULL, NULL, '2019-12-14 19:33:00', '2019-12-14 19:33:00', NULL, NULL, NULL, NULL),
(341, NULL, NULL, NULL, 342, NULL, 'KISWAHILI 2 F6 2015', NULL, NULL, NULL, 2015, NULL, NULL, NULL, 0, 0, NULL, 'Hardcover', 'Book', 'Huge', 'Digital', NULL, NULL, NULL, NULL, NULL, NULL, NULL, '2019-12-14 19:33:01', '2019-12-14 19:33:01', NULL, NULL, NULL, NULL),
(342, NULL, NULL, NULL, 343, NULL, 'COMPUTER 2 -F4- 2014', 'PAST PAPER', NULL, NULL, 2014, NULL, NULL, NULL, 0, 0, NULL, 'Hardcover', 'Book', 'Huge', 'Digital', NULL, NULL, NULL, NULL, NULL, NULL, NULL, '2019-12-14 19:33:17', '2019-12-14 19:33:17', NULL, NULL, NULL, NULL),
(343, NULL, NULL, NULL, 346, NULL, 'BIOLOGY 2016 F2', NULL, NULL, NULL, 2016, NULL, NULL, NULL, 0, 0, NULL, 'Hardcover', 'Book', 'Huge', 'Digital', NULL, NULL, NULL, NULL, NULL, NULL, NULL, '2019-12-14 19:33:42', '2019-12-14 19:33:42', NULL, NULL, NULL, NULL),
(344, NULL, NULL, NULL, 345, NULL, 'HISTORY 2 F6 2013', NULL, NULL, NULL, 2013, NULL, NULL, NULL, 0, 0, NULL, 'Hardcover', 'Book', 'Huge', 'Digital', NULL, NULL, NULL, NULL, NULL, NULL, NULL, '2019-12-14 19:34:04', '2019-12-14 19:34:04', NULL, NULL, NULL, NULL),
(345, NULL, NULL, NULL, 348, NULL, 'HISTORY 2 F6 2011', NULL, NULL, NULL, 2011, NULL, NULL, NULL, 0, 0, NULL, 'Hardcover', 'Book', 'Huge', 'Digital', NULL, NULL, NULL, NULL, NULL, NULL, NULL, '2019-12-14 19:34:50', '2019-12-14 19:34:27', NULL, NULL, NULL, NULL),
(346, NULL, NULL, NULL, 349, NULL, 'BIOLOGY 2017 F2', NULL, NULL, NULL, 2017, NULL, NULL, NULL, 0, 0, NULL, 'Hardcover', 'Book', 'Huge', 'Digital', NULL, NULL, NULL, NULL, NULL, NULL, NULL, '2019-12-14 19:34:50', '2019-12-14 19:34:50', NULL, NULL, NULL, NULL),
(347, NULL, NULL, NULL, 350, NULL, 'HISTORY 1 F6 2013', NULL, NULL, NULL, 2013, NULL, NULL, NULL, 0, 0, NULL, 'Hardcover', 'Book', 'Huge', 'Digital', NULL, NULL, NULL, NULL, NULL, NULL, NULL, '2019-12-14 19:35:28', '2019-12-14 19:35:28', NULL, NULL, NULL, NULL),
(348, NULL, NULL, NULL, 351, NULL, 'HISTORY 2 F6 2019', NULL, NULL, NULL, 2019, NULL, NULL, NULL, 0, 0, NULL, 'Hardcover', 'Book', 'Huge', 'Digital', NULL, NULL, NULL, NULL, NULL, NULL, NULL, '2019-12-14 19:35:59', '2019-12-14 19:35:42', NULL, NULL, NULL, NULL),
(349, NULL, NULL, NULL, 347, NULL, 'ECONOMICS 1 -F6- 2006', 'PAST PAPER', NULL, NULL, 2006, NULL, NULL, NULL, 0, 0, NULL, 'Hardcover', 'Book', 'Huge', 'Digital', NULL, NULL, NULL, NULL, NULL, NULL, NULL, '2019-12-14 19:35:53', '2019-12-14 19:35:53', NULL, NULL, NULL, NULL),
(350, NULL, NULL, NULL, 352, NULL, 'HISTORY 2 F6 2018', NULL, NULL, NULL, 2018, NULL, NULL, NULL, 0, 0, NULL, 'Hardcover', 'Book', 'Huge', 'Digital', NULL, NULL, NULL, NULL, NULL, NULL, NULL, '2019-12-14 19:36:33', '2019-12-14 19:36:11', NULL, NULL, NULL, NULL),
(351, NULL, NULL, NULL, 353, NULL, 'ECONOMICS 1 -F6- 2008', 'PAST PAPER', NULL, NULL, 2008, NULL, NULL, NULL, 0, 0, NULL, 'Hardcover', 'Book', 'Huge', 'Digital', NULL, NULL, NULL, NULL, NULL, NULL, NULL, '2019-12-14 19:36:47', '2019-12-14 19:36:14', NULL, NULL, NULL, NULL),
(352, NULL, NULL, NULL, 354, NULL, 'BIOLOGY 2018 F2', NULL, NULL, NULL, 2018, NULL, NULL, NULL, 0, 0, NULL, 'Hardcover', 'Book', 'Huge', 'Digital', NULL, NULL, NULL, NULL, NULL, NULL, NULL, '2019-12-14 19:36:39', '2019-12-14 19:36:39', NULL, NULL, NULL, NULL),
(353, NULL, NULL, NULL, 355, NULL, 'HISTORY 2 F6 2017', NULL, NULL, NULL, 2017, NULL, NULL, NULL, 0, 0, NULL, 'Hardcover', 'Book', 'Huge', 'Digital', NULL, NULL, NULL, NULL, NULL, NULL, NULL, '2019-12-14 19:37:06', '2019-12-14 19:36:44', NULL, NULL, NULL, NULL),
(354, NULL, NULL, NULL, 356, NULL, 'ECONOMICS 1 -F6- 2009', 'PAST PAPER', NULL, NULL, 2009, NULL, NULL, NULL, 0, 0, NULL, 'Hardcover', 'Book', 'Huge', 'Digital', NULL, NULL, NULL, NULL, NULL, NULL, NULL, '2019-12-14 19:37:37', '2019-12-14 19:37:37', NULL, NULL, NULL, NULL),
(355, NULL, NULL, NULL, 357, NULL, 'HISTORY 2 F6 2016', NULL, NULL, NULL, 2016, NULL, NULL, NULL, 0, 0, NULL, 'Hardcover', 'Book', 'Huge', 'Digital', NULL, NULL, NULL, NULL, NULL, NULL, NULL, '2019-12-14 19:37:41', '2019-12-14 19:37:41', NULL, NULL, NULL, NULL),
(356, NULL, NULL, NULL, 360, NULL, 'BIOLOGY 2014 F2', NULL, NULL, NULL, 2014, NULL, NULL, NULL, 0, 0, NULL, 'Hardcover', 'Book', 'Huge', 'Digital', NULL, NULL, NULL, NULL, NULL, NULL, NULL, '2019-12-14 19:38:35', '2019-12-14 19:38:35', NULL, NULL, NULL, NULL),
(357, NULL, NULL, NULL, 358, NULL, 'HISTORY F4 2018', NULL, NULL, NULL, 2018, NULL, NULL, NULL, 0, 0, NULL, 'Hardcover', 'Book', 'Huge', 'Digital', NULL, NULL, NULL, NULL, NULL, NULL, NULL, '2019-12-14 19:38:42', '2019-12-14 19:38:42', NULL, NULL, NULL, NULL),
(358, NULL, NULL, NULL, 359, NULL, 'ECONOMICS 1 -F6- 2010', 'PAST PAPER', NULL, NULL, 2010, NULL, NULL, NULL, 0, 0, NULL, 'Hardcover', 'Book', 'Huge', 'Digital', NULL, NULL, NULL, NULL, NULL, NULL, NULL, '2019-12-14 19:38:56', '2019-12-14 19:38:56', NULL, NULL, NULL, NULL),
(359, NULL, NULL, NULL, 361, NULL, 'HISTORY F4 2017', NULL, NULL, NULL, 2017, NULL, NULL, NULL, 0, 0, NULL, 'Hardcover', 'Book', 'Huge', 'Digital', NULL, NULL, NULL, NULL, NULL, NULL, NULL, '2019-12-14 19:39:16', '2019-12-14 19:38:58', NULL, NULL, NULL, NULL),
(360, NULL, NULL, NULL, 363, NULL, 'HISTORY F4 2009', NULL, NULL, NULL, 2009, NULL, NULL, NULL, 0, 0, NULL, 'Hardcover', 'Book', 'Huge', 'Digital', NULL, NULL, NULL, NULL, NULL, NULL, NULL, '2019-12-14 19:39:45', '2019-12-14 19:39:27', NULL, NULL, NULL, NULL),
(361, NULL, NULL, NULL, 362, NULL, 'ECONOMICS 1 -F6- 2011', 'PAST PAPER', NULL, NULL, 2011, NULL, NULL, NULL, 0, 0, NULL, 'Hardcover', 'Book', 'Huge', 'Digital', NULL, NULL, NULL, NULL, NULL, NULL, NULL, '2019-12-14 19:39:41', '2019-12-14 19:39:41', NULL, NULL, NULL, NULL),
(362, NULL, NULL, NULL, 364, NULL, 'BIOLOGY 2015 F2', NULL, NULL, NULL, 2015, NULL, NULL, NULL, 0, 0, NULL, 'Hardcover', 'Book', 'Huge', 'Digital', NULL, NULL, NULL, NULL, NULL, NULL, NULL, '2019-12-14 19:39:45', '2019-12-14 19:39:45', NULL, NULL, NULL, NULL),
(363, NULL, NULL, NULL, 365, NULL, 'ECONOMICS 1 -F6- 2012', 'PAST PAPER', NULL, NULL, 2012, NULL, NULL, NULL, 0, 0, NULL, 'Hardcover', 'Book', 'Huge', 'Digital', NULL, NULL, NULL, NULL, NULL, NULL, NULL, '2019-12-14 19:40:35', '2019-12-14 19:40:35', NULL, NULL, NULL, NULL),
(364, NULL, NULL, NULL, 366, NULL, 'GEOGRAPHY 2 F6 2019', NULL, NULL, NULL, 2019, NULL, NULL, NULL, 0, 0, NULL, 'Hardcover', 'Book', 'Huge', 'Digital', NULL, NULL, NULL, NULL, NULL, NULL, NULL, '2019-12-14 19:40:41', '2019-12-14 19:40:41', NULL, NULL, NULL, NULL),
(365, NULL, NULL, NULL, 367, NULL, 'GEOGRAPHY 2 F6 2018', NULL, NULL, NULL, 2018, NULL, NULL, NULL, 0, 0, NULL, 'Hardcover', 'Book', 'Huge', 'Digital', NULL, NULL, NULL, NULL, NULL, NULL, NULL, '2019-12-14 19:41:11', '2019-12-14 19:40:51', NULL, NULL, NULL, NULL),
(366, NULL, NULL, NULL, 369, NULL, 'BIOLOGY 2017 F2', NULL, NULL, NULL, 2017, NULL, NULL, NULL, 0, 0, NULL, 'Hardcover', 'Book', 'Huge', 'Digital', NULL, NULL, NULL, NULL, NULL, NULL, NULL, '2019-12-14 19:41:06', '2019-12-14 19:41:06', NULL, NULL, NULL, NULL),
(367, NULL, NULL, NULL, 368, NULL, 'ECONOMICS 1 -F6- 2013', 'PAST PAPER', NULL, NULL, 2013, NULL, NULL, NULL, 0, 0, NULL, 'Hardcover', 'Book', 'Huge', 'Digital', NULL, NULL, NULL, NULL, NULL, NULL, NULL, '2019-12-14 19:41:29', '2019-12-14 19:41:29', NULL, NULL, NULL, NULL);
INSERT INTO `Books` (`id`, `seriesId`, `publisherId`, `coverId`, `eBookId`, `bookSN`, `title`, `subtitle`, `ISBN10`, `ISBN13`, `publishingYear`, `pages`, `description`, `notes`, `quantity`, `actualQuantity`, `edition`, `binding`, `physicalForm`, `size`, `type`, `price`, `language`, `metaTitle`, `metaKeywords`, `metaDescription`, `rating`, `url`, `updateDateTime`, `creationDateTime`, `test`, `test2`, `CheckBox`, `textarea`) VALUES
(368, NULL, NULL, NULL, 370, NULL, 'GEOGRAPHY 2 F6 2017', NULL, NULL, NULL, 2017, NULL, NULL, NULL, 0, 0, NULL, 'Hardcover', 'Book', 'Huge', 'Digital', NULL, NULL, NULL, NULL, NULL, NULL, NULL, '2019-12-14 19:41:38', '2019-12-14 19:41:38', NULL, NULL, NULL, NULL),
(369, NULL, NULL, NULL, 372, NULL, 'GEOGRAPHY 2 F6 2016', NULL, NULL, NULL, 2016, NULL, NULL, NULL, 0, 0, NULL, 'Hardcover', 'Book', 'Huge', 'Digital', NULL, NULL, NULL, NULL, NULL, NULL, NULL, '2019-12-14 19:42:16', '2019-12-14 19:41:53', NULL, NULL, NULL, NULL),
(370, NULL, NULL, NULL, 373, NULL, 'BIOLOGY 1 - 1991', NULL, NULL, NULL, 1991, NULL, NULL, NULL, 0, 0, NULL, 'Hardcover', 'Book', 'Huge', 'Digital', NULL, NULL, NULL, NULL, NULL, NULL, NULL, '2019-12-14 19:42:18', '2019-12-14 19:42:18', NULL, NULL, NULL, NULL),
(371, NULL, NULL, NULL, 371, NULL, 'ECONOMICS 1 -F6- 2014', 'PAST PAPER', NULL, NULL, 2014, NULL, NULL, NULL, 0, 0, NULL, 'Hardcover', 'Book', 'Huge', 'Digital', NULL, NULL, NULL, NULL, NULL, NULL, NULL, '2019-12-14 19:42:21', '2019-12-14 19:42:21', NULL, NULL, NULL, NULL),
(372, NULL, NULL, NULL, 375, NULL, 'GEOGRAPHY 1 F6 2019', NULL, NULL, NULL, 2019, NULL, NULL, NULL, 0, 0, NULL, 'Hardcover', 'Book', 'Huge', 'Digital', NULL, NULL, NULL, NULL, NULL, NULL, NULL, '2019-12-14 19:43:00', '2019-12-14 19:42:37', NULL, NULL, NULL, NULL),
(373, NULL, NULL, NULL, 376, NULL, 'BIOLOGY 1 - 1993', NULL, NULL, NULL, 1993, NULL, NULL, NULL, 0, 0, NULL, 'Hardcover', 'Book', 'Huge', 'Digital', NULL, NULL, NULL, NULL, NULL, NULL, NULL, '2019-12-14 19:43:01', '2019-12-14 19:43:01', NULL, NULL, NULL, NULL),
(374, NULL, NULL, NULL, 374, NULL, 'ECONOMICS 1 -F6- 2015', 'PAST PAPER', NULL, NULL, 2015, NULL, NULL, NULL, 0, 0, NULL, 'Hardcover', 'Book', 'Huge', 'Digital', NULL, NULL, NULL, NULL, NULL, NULL, NULL, '2019-12-14 19:44:02', '2019-12-14 19:43:07', NULL, NULL, NULL, NULL),
(375, NULL, NULL, NULL, 377, NULL, 'GEOGRAPHY 1 F6 2018', NULL, NULL, NULL, 2018, NULL, NULL, NULL, 0, 0, NULL, 'Hardcover', 'Book', 'Huge', 'Digital', NULL, NULL, NULL, NULL, NULL, NULL, NULL, '2019-12-14 19:43:36', '2019-12-14 19:43:17', NULL, NULL, NULL, NULL),
(376, NULL, NULL, NULL, 379, NULL, 'BIOLOGY 1 - 1994', NULL, NULL, NULL, 1994, NULL, NULL, NULL, 0, 0, NULL, 'Hardcover', 'Book', 'Huge', 'Digital', NULL, NULL, NULL, NULL, NULL, NULL, NULL, '2019-12-14 19:43:40', '2019-12-14 19:43:40', NULL, NULL, NULL, NULL),
(377, NULL, NULL, NULL, 380, NULL, 'GEOGRAPHY 1 F6 2017', NULL, NULL, NULL, 2017, NULL, NULL, NULL, 0, 0, NULL, 'Hardcover', 'Book', 'Huge', 'Digital', NULL, NULL, NULL, NULL, NULL, NULL, NULL, '2019-12-14 19:44:10', '2019-12-14 19:43:56', NULL, NULL, NULL, NULL),
(378, NULL, NULL, NULL, 381, NULL, 'BIOLOGY 1 - 1995', NULL, NULL, NULL, 1995, NULL, NULL, NULL, 0, 0, NULL, 'Hardcover', 'Book', 'Huge', 'Digital', NULL, NULL, NULL, NULL, NULL, NULL, NULL, '2019-12-14 19:44:19', '2019-12-14 19:44:19', NULL, NULL, NULL, NULL),
(379, NULL, NULL, NULL, 383, NULL, 'GEOGRAPHY 1 F6 2016', NULL, NULL, NULL, 2016, NULL, NULL, NULL, 0, 0, NULL, 'Hardcover', 'Book', 'Huge', 'Digital', NULL, NULL, NULL, NULL, NULL, NULL, NULL, '2019-12-14 19:45:00', '2019-12-14 19:44:46', NULL, NULL, NULL, NULL),
(380, NULL, NULL, NULL, 382, NULL, 'ECONOMICS 1 -F6- 2016', 'PAST PAPER', NULL, NULL, 2016, NULL, NULL, NULL, 0, 0, NULL, 'Hardcover', 'Book', 'Huge', 'Digital', NULL, NULL, NULL, NULL, NULL, NULL, NULL, '2019-12-14 19:45:01', '2019-12-14 19:45:01', NULL, NULL, NULL, NULL),
(381, NULL, NULL, NULL, 384, NULL, 'GEOGRAPHY 1 F6 2015', NULL, NULL, NULL, 2015, NULL, NULL, NULL, 0, 0, NULL, 'Hardcover', 'Book', 'Huge', 'Digital', NULL, NULL, NULL, NULL, NULL, NULL, NULL, '2019-12-14 19:45:27', '2019-12-14 19:45:10', NULL, NULL, NULL, NULL),
(382, NULL, NULL, NULL, 385, NULL, 'BIOLOGY 1 - 1997', NULL, NULL, NULL, 1997, NULL, NULL, NULL, 0, 0, NULL, 'Hardcover', 'Book', 'Huge', 'Digital', NULL, NULL, NULL, NULL, NULL, NULL, NULL, '2019-12-14 19:45:16', '2019-12-14 19:45:16', NULL, NULL, NULL, NULL),
(383, NULL, NULL, NULL, 387, NULL, 'GEOGRAPHY 1 F6 2014', NULL, NULL, NULL, 2014, NULL, NULL, NULL, 0, 0, NULL, 'Hardcover', 'Book', 'Huge', 'Digital', NULL, NULL, NULL, NULL, NULL, NULL, NULL, '2019-12-14 19:45:57', '2019-12-14 19:45:40', NULL, NULL, NULL, NULL),
(384, NULL, NULL, NULL, 386, NULL, 'ECONOMICS 1 -F6- 2017', 'PAST PAPER', NULL, NULL, 2017, NULL, NULL, NULL, 0, 0, NULL, 'Hardcover', 'Book', 'Huge', 'Digital', NULL, NULL, NULL, NULL, NULL, NULL, NULL, '2019-12-14 19:45:55', '2019-12-14 19:45:55', NULL, NULL, NULL, NULL),
(385, NULL, NULL, NULL, 388, NULL, 'BIOLOGY 1 - 1998', NULL, NULL, NULL, 1998, NULL, NULL, NULL, 0, 0, NULL, 'Hardcover', 'Book', 'Huge', 'Digital', NULL, NULL, NULL, NULL, NULL, NULL, NULL, '2019-12-14 19:45:58', '2019-12-14 19:45:58', NULL, NULL, NULL, NULL),
(386, NULL, NULL, NULL, 391, NULL, 'BIOLOGY 1 - 1999 JAN', NULL, NULL, NULL, 1999, NULL, NULL, NULL, 0, 0, NULL, 'Hardcover', 'Book', 'Huge', 'Digital', NULL, NULL, NULL, NULL, NULL, NULL, NULL, '2019-12-14 19:46:38', '2019-12-14 19:46:38', NULL, NULL, NULL, NULL),
(387, NULL, NULL, NULL, 389, NULL, 'ECONOMICS 1 -F6- 2018', 'PAST PAPER', NULL, NULL, 2018, NULL, NULL, NULL, 0, 0, NULL, 'Hardcover', 'Book', 'Huge', 'Digital', NULL, NULL, NULL, NULL, NULL, NULL, NULL, '2019-12-14 19:46:43', '2019-12-14 19:46:43', NULL, NULL, NULL, NULL),
(388, NULL, NULL, NULL, 390, NULL, 'GEOGRAPHY (P) F4 2015', NULL, NULL, NULL, 2015, NULL, NULL, NULL, 0, 0, NULL, 'Hardcover', 'Book', 'Huge', 'Digital', NULL, NULL, NULL, NULL, NULL, NULL, NULL, '2019-12-14 19:46:56', '2019-12-14 19:46:56', NULL, NULL, NULL, NULL),
(389, NULL, NULL, NULL, 393, NULL, 'GEOGRAPHY (P) F4 2014', NULL, NULL, NULL, 2014, NULL, NULL, NULL, 0, 0, NULL, 'Hardcover', 'Book', 'Huge', 'Digital', NULL, NULL, NULL, NULL, NULL, NULL, NULL, '2019-12-14 19:47:32', '2019-12-14 19:47:16', NULL, NULL, NULL, NULL),
(390, NULL, NULL, NULL, 392, NULL, 'ECONOMICS 1 -F6- 2019', 'PAST PAPER', NULL, NULL, 2019, NULL, NULL, NULL, 0, 0, NULL, 'Hardcover', 'Book', 'Huge', 'Digital', NULL, NULL, NULL, NULL, NULL, NULL, NULL, '2019-12-14 19:48:31', '2019-12-14 19:47:24', NULL, NULL, NULL, NULL),
(391, NULL, NULL, NULL, 394, NULL, 'BIOLOGY 1 - 1999 NOV', NULL, NULL, NULL, 1999, NULL, NULL, NULL, 0, 0, NULL, 'Hardcover', 'Book', 'Huge', 'Digital', NULL, NULL, NULL, NULL, NULL, NULL, NULL, '2019-12-14 19:47:25', '2019-12-14 19:47:25', NULL, NULL, NULL, NULL),
(392, NULL, NULL, NULL, 395, NULL, 'GEOGRAPHY (P) F4 2013', NULL, NULL, NULL, 2013, NULL, NULL, NULL, 0, 0, NULL, 'Hardcover', 'Book', 'Huge', 'Digital', NULL, NULL, NULL, NULL, NULL, NULL, NULL, '2019-12-14 19:48:12', '2019-12-14 19:48:12', NULL, NULL, NULL, NULL),
(393, NULL, NULL, NULL, 396, NULL, 'BIOLOGY 1 - 1999', NULL, NULL, NULL, 1999, NULL, NULL, NULL, 0, 0, NULL, 'Hardcover', 'Book', 'Huge', 'Digital', NULL, NULL, NULL, NULL, NULL, NULL, NULL, '2019-12-14 19:48:28', '2019-12-14 19:48:28', NULL, NULL, NULL, NULL),
(394, NULL, NULL, NULL, 397, NULL, 'GENERAL STUDIES F6 2019', NULL, NULL, NULL, 2019, NULL, NULL, NULL, 0, 0, NULL, 'Hardcover', 'Book', 'Huge', 'Digital', NULL, NULL, NULL, NULL, NULL, NULL, NULL, '2019-12-14 19:48:56', '2019-12-14 19:48:56', NULL, NULL, NULL, NULL),
(395, NULL, NULL, NULL, 398, NULL, 'ECONOMICS 2 -F6- 2011', 'PAST PAPER', NULL, NULL, 2011, NULL, NULL, NULL, 0, 0, NULL, 'Hardcover', 'Book', 'Huge', 'Digital', NULL, NULL, NULL, NULL, NULL, NULL, NULL, '2019-12-14 19:49:32', '2019-12-14 19:48:57', NULL, NULL, NULL, NULL),
(396, NULL, NULL, NULL, 399, NULL, 'GENERAL STUDIES F6 2018', NULL, NULL, NULL, 2018, NULL, NULL, NULL, 0, 0, NULL, 'Hardcover', 'Book', 'Huge', 'Digital', NULL, NULL, NULL, NULL, NULL, NULL, NULL, '2019-12-14 19:49:26', '2019-12-14 19:49:12', NULL, NULL, NULL, NULL),
(397, NULL, NULL, NULL, 401, NULL, 'ECONOMICS 2 -F6- 2015', 'PAST PAPER', NULL, NULL, 2015, NULL, NULL, NULL, 0, 0, NULL, 'Hardcover', 'Book', 'Huge', 'Digital', NULL, NULL, NULL, NULL, NULL, NULL, NULL, '2019-12-14 19:50:40', '2019-12-14 19:49:47', NULL, NULL, NULL, NULL),
(398, NULL, NULL, NULL, 402, NULL, 'BIOLOGY 1 - 2000', NULL, NULL, NULL, 2000, NULL, NULL, NULL, 0, 0, NULL, 'Hardcover', 'Book', 'Huge', 'Digital', NULL, NULL, NULL, NULL, NULL, NULL, NULL, '2019-12-14 19:49:58', '2019-12-14 19:49:58', NULL, NULL, NULL, NULL),
(399, NULL, NULL, NULL, 400, NULL, 'GENERAL STUDIES F6 2017', NULL, NULL, NULL, 2017, NULL, NULL, NULL, 0, 0, NULL, 'Hardcover', 'Book', 'Huge', 'Digital', NULL, NULL, NULL, NULL, NULL, NULL, NULL, '2019-12-14 19:50:04', '2019-12-14 19:50:04', NULL, NULL, NULL, NULL),
(400, NULL, NULL, NULL, 403, NULL, 'GENERAL STUDIES F6 2016', NULL, NULL, NULL, 2016, NULL, NULL, NULL, 0, 0, NULL, 'Hardcover', 'Book', 'Huge', 'Digital', NULL, NULL, NULL, NULL, NULL, NULL, NULL, '2019-12-14 19:50:58', '2019-12-14 19:50:58', NULL, NULL, NULL, NULL),
(401, NULL, NULL, NULL, 405, NULL, 'GENERAL STUDIES F6 2015', NULL, NULL, NULL, 2015, NULL, NULL, NULL, 0, 0, NULL, 'Hardcover', 'Book', 'Huge', 'Digital', NULL, NULL, NULL, NULL, NULL, NULL, NULL, '2019-12-14 19:51:26', '2019-12-14 19:51:11', NULL, NULL, NULL, NULL),
(402, NULL, NULL, NULL, 404, NULL, 'ECONOMICS 2 -F6- 2016', 'PAST PAPER', NULL, NULL, 2016, NULL, NULL, NULL, 0, 0, NULL, 'Hardcover', 'Book', 'Huge', 'Digital', NULL, NULL, NULL, NULL, NULL, NULL, NULL, '2019-12-14 19:51:39', '2019-12-14 19:51:39', NULL, NULL, NULL, NULL),
(403, NULL, NULL, NULL, 406, NULL, 'ECONOMICS 1 -F6- 2017', 'PAST PAPER', NULL, NULL, 2017, NULL, NULL, NULL, 0, 0, NULL, 'Hardcover', 'Book', 'Huge', 'Digital', NULL, NULL, NULL, NULL, NULL, NULL, NULL, '2019-12-14 19:52:28', '2019-12-14 19:52:28', NULL, NULL, NULL, NULL),
(404, NULL, NULL, NULL, 407, NULL, 'ENGLISH 2 F6 2019', NULL, NULL, NULL, 2019, NULL, NULL, NULL, 0, 0, NULL, 'Hardcover', 'Book', 'Huge', 'Digital', NULL, NULL, NULL, NULL, NULL, NULL, NULL, '2019-12-14 19:52:54', '2019-12-14 19:52:54', NULL, NULL, NULL, NULL),
(405, NULL, NULL, NULL, 408, NULL, 'ECONOMICS 2 -F6- 2018', NULL, NULL, NULL, 2018, NULL, NULL, NULL, 0, 0, NULL, 'Hardcover', 'Book', 'Huge', 'Digital', NULL, NULL, NULL, NULL, NULL, NULL, NULL, '2019-12-14 19:53:09', '2019-12-14 19:53:09', NULL, NULL, NULL, NULL),
(406, NULL, NULL, NULL, 409, NULL, 'ENGLISH 2 F6 2018', NULL, NULL, NULL, 2018, NULL, NULL, NULL, 0, 0, NULL, 'Hardcover', 'Book', 'Huge', 'Digital', NULL, NULL, NULL, NULL, NULL, NULL, NULL, '2019-12-14 19:53:37', '2019-12-14 19:53:21', NULL, NULL, NULL, NULL),
(407, NULL, NULL, NULL, 410, NULL, 'ECONOMICS 1 -F6- 2019', 'PAST PAPER', NULL, NULL, 2019, NULL, NULL, NULL, 0, 0, NULL, 'Hardcover', 'Book', 'Huge', 'Digital', NULL, NULL, NULL, NULL, NULL, NULL, NULL, '2019-12-14 19:53:59', '2019-12-14 19:53:35', NULL, NULL, NULL, NULL),
(408, NULL, NULL, NULL, 411, NULL, 'ENGLISH 2 F6 2017', NULL, NULL, NULL, 2017, NULL, NULL, NULL, 0, 0, NULL, 'Hardcover', 'Book', 'Huge', 'Digital', NULL, NULL, NULL, NULL, NULL, NULL, NULL, '2019-12-14 19:54:13', '2019-12-14 19:54:13', NULL, NULL, NULL, NULL),
(409, NULL, NULL, NULL, 412, NULL, 'ENGLISH -2007', 'PAST PAPER', NULL, NULL, 2007, NULL, NULL, NULL, 0, 0, NULL, 'Hardcover', 'Book', 'Huge', 'Digital', NULL, NULL, NULL, NULL, NULL, NULL, NULL, '2019-12-14 19:55:13', '2019-12-14 19:54:38', NULL, NULL, NULL, NULL),
(410, NULL, NULL, NULL, 413, NULL, 'ENGLISH 2 F6 2016', NULL, NULL, NULL, 2016, NULL, NULL, NULL, 0, 0, NULL, 'Hardcover', 'Book', 'Huge', 'Digital', NULL, NULL, NULL, NULL, NULL, NULL, NULL, '2019-12-14 19:54:54', '2019-12-14 19:54:38', NULL, NULL, NULL, NULL),
(411, NULL, NULL, NULL, 414, NULL, 'ENGLISH 2 F6 2015', NULL, NULL, NULL, 2015, NULL, NULL, NULL, 0, 0, NULL, 'Hardcover', 'Book', 'Huge', 'Digital', NULL, NULL, NULL, NULL, NULL, NULL, NULL, '2019-12-14 19:55:33', '2019-12-14 19:55:33', NULL, NULL, NULL, NULL),
(412, NULL, NULL, NULL, 415, NULL, 'ENGLISH -2008', 'PAST PAPER', NULL, NULL, 2008, NULL, NULL, NULL, 0, 0, NULL, 'Hardcover', 'Book', 'Huge', 'Digital', NULL, NULL, NULL, NULL, NULL, NULL, NULL, '2019-12-14 19:55:58', '2019-12-14 19:55:58', NULL, NULL, NULL, NULL),
(413, NULL, NULL, NULL, 416, NULL, 'ENGLISH 2 F6 2014', NULL, NULL, NULL, 2014, NULL, NULL, NULL, 0, 0, NULL, 'Hardcover', 'Book', 'Huge', 'Digital', NULL, NULL, NULL, NULL, NULL, NULL, NULL, '2019-12-14 19:56:08', '2019-12-14 19:56:08', NULL, NULL, NULL, NULL),
(414, NULL, NULL, NULL, 417, NULL, 'ENGLISH -2010', 'PAST PAPER', NULL, NULL, 2010, NULL, NULL, NULL, 0, 0, NULL, 'Hardcover', 'Book', 'Huge', 'Digital', NULL, NULL, NULL, NULL, NULL, NULL, NULL, '2019-12-14 19:56:46', '2019-12-14 19:56:46', NULL, NULL, NULL, NULL),
(415, NULL, NULL, NULL, 418, NULL, 'ENGLISH 1 F6 2019', NULL, NULL, NULL, 2019, NULL, NULL, NULL, 0, 0, NULL, 'Hardcover', 'Book', 'Huge', 'Digital', NULL, NULL, NULL, NULL, NULL, NULL, NULL, '2019-12-14 19:56:56', '2019-12-14 19:56:56', NULL, NULL, NULL, NULL),
(416, NULL, NULL, NULL, 419, NULL, 'ENGLISH -2011', 'PAST PAPER', NULL, NULL, 2011, NULL, NULL, NULL, 0, 0, NULL, 'Hardcover', 'Book', 'Huge', 'Digital', NULL, NULL, NULL, NULL, NULL, NULL, NULL, '2019-12-14 19:57:35', '2019-12-14 19:57:35', NULL, NULL, NULL, NULL),
(417, NULL, NULL, NULL, 420, NULL, 'ENGLISH 1 F6 2018', NULL, NULL, NULL, 2018, NULL, NULL, NULL, 0, 0, NULL, 'Hardcover', 'Book', 'Huge', 'Digital', NULL, NULL, NULL, NULL, NULL, NULL, NULL, '2019-12-14 19:57:44', '2019-12-14 19:57:44', NULL, NULL, NULL, NULL),
(418, NULL, NULL, NULL, 422, NULL, 'ENGLISH 1 F6 2017', NULL, NULL, NULL, 2017, NULL, NULL, NULL, 0, 0, NULL, 'Hardcover', 'Book', 'Huge', 'Digital', NULL, NULL, NULL, NULL, NULL, NULL, NULL, '2019-12-14 19:58:16', '2019-12-14 19:58:00', NULL, NULL, NULL, NULL),
(419, NULL, NULL, NULL, 421, NULL, 'ENGLISH -2012', 'PAST PAPER', NULL, NULL, 2012, NULL, NULL, NULL, 0, 0, NULL, 'Hardcover', 'Book', 'Huge', 'Digital', NULL, NULL, NULL, NULL, NULL, NULL, NULL, '2019-12-14 19:58:27', '2019-12-14 19:58:27', NULL, NULL, NULL, NULL),
(420, NULL, NULL, NULL, 423, NULL, 'ENGLISH 1 F6 2016', NULL, NULL, NULL, 2016, NULL, NULL, NULL, 0, 0, NULL, 'Hardcover', 'Book', 'Huge', 'Digital', NULL, NULL, NULL, NULL, NULL, NULL, NULL, '2019-12-14 19:58:44', '2019-12-14 19:58:44', NULL, NULL, NULL, NULL),
(421, NULL, NULL, NULL, 425, NULL, 'ENGLISH 1 F6 2014', NULL, NULL, NULL, 2014, NULL, NULL, NULL, 0, 0, NULL, 'Hardcover', 'Book', 'Huge', 'Digital', NULL, NULL, NULL, NULL, NULL, NULL, NULL, '2019-12-14 19:59:25', '2019-12-14 19:59:04', NULL, NULL, NULL, NULL),
(422, NULL, NULL, NULL, 424, NULL, 'ENGLISH -2013', 'PAST PAPER', NULL, NULL, 2013, NULL, NULL, NULL, 0, 0, NULL, 'Hardcover', 'Book', 'Huge', 'Digital', NULL, NULL, NULL, NULL, NULL, NULL, NULL, '2019-12-14 19:59:23', '2019-12-14 19:59:23', NULL, NULL, NULL, NULL),
(423, NULL, NULL, NULL, 426, NULL, 'ENGLISH -2014', 'PAST PAPER', NULL, NULL, 2014, NULL, NULL, NULL, 0, 0, NULL, 'Hardcover', 'Book', 'Huge', 'Digital', NULL, NULL, NULL, NULL, NULL, NULL, NULL, '2019-12-14 20:00:21', '2019-12-14 20:00:21', NULL, NULL, NULL, NULL),
(424, NULL, NULL, NULL, 427, NULL, 'ENGLISH F4 2018', NULL, NULL, NULL, 2018, NULL, NULL, NULL, 0, 0, NULL, 'Hardcover', 'Book', 'Huge', 'Digital', NULL, NULL, NULL, NULL, NULL, NULL, NULL, '2019-12-14 20:01:12', '2019-12-14 20:01:12', NULL, NULL, NULL, NULL),
(425, NULL, NULL, NULL, 428, NULL, 'ENGLISH -2015', 'PAST PAPER', NULL, NULL, 2015, NULL, NULL, NULL, 0, 0, NULL, 'Hardcover', 'Book', 'Huge', 'Digital', NULL, NULL, NULL, NULL, NULL, NULL, NULL, '2019-12-14 20:01:28', '2019-12-14 20:01:28', NULL, NULL, NULL, NULL),
(426, NULL, NULL, NULL, 429, NULL, 'ENGLISH F4 2017', NULL, NULL, NULL, 2017, NULL, NULL, NULL, 0, 0, NULL, 'Hardcover', 'Book', 'Huge', 'Digital', NULL, NULL, NULL, NULL, NULL, NULL, NULL, '2019-12-14 20:02:01', '2019-12-14 20:02:01', NULL, NULL, NULL, NULL),
(427, NULL, NULL, NULL, 430, NULL, 'ENGLISH -F2 -2010', 'PAST PAPER', NULL, NULL, 2010, NULL, NULL, NULL, 0, 0, NULL, 'Hardcover', 'Book', 'Huge', 'Digital', NULL, NULL, NULL, NULL, NULL, NULL, NULL, '2019-12-14 20:02:54', '2019-12-14 20:02:04', NULL, NULL, NULL, NULL),
(428, NULL, NULL, NULL, 431, NULL, 'ENGLISH F4 2016', NULL, NULL, NULL, 2016, NULL, NULL, NULL, 0, 0, NULL, 'Hardcover', 'Book', 'Huge', 'Digital', NULL, NULL, NULL, NULL, NULL, NULL, NULL, '2019-12-14 20:02:40', '2019-12-14 20:02:40', NULL, NULL, NULL, NULL),
(429, NULL, NULL, NULL, 432, NULL, 'ENGLISH -2011', 'PAST PAPER', NULL, NULL, 2011, NULL, NULL, NULL, 0, 0, NULL, 'Hardcover', 'Book', 'Huge', 'Digital', NULL, NULL, NULL, NULL, NULL, NULL, NULL, '2019-12-14 20:04:16', '2019-12-14 20:04:16', NULL, NULL, NULL, NULL);

-- --------------------------------------------------------

--
-- Table structure for table `BookSizes`
--

CREATE TABLE `BookSizes` (
  `id` int(10) UNSIGNED NOT NULL,
  `name` varchar(45) NOT NULL
) ENGINE=InnoDB DEFAULT CHARSET=utf8;

--
-- Dumping data for table `BookSizes`
--

INSERT INTO `BookSizes` (`id`, `name`) VALUES
(1, 'Huge'),
(2, 'Large'),
(3, 'Medium'),
(4, 'Small'),
(5, 'Tiny');

-- --------------------------------------------------------

--
-- Table structure for table `BookStores`
--

CREATE TABLE `BookStores` (
  `bookId` int(10) UNSIGNED NOT NULL,
  `storeId` int(10) UNSIGNED NOT NULL
) ENGINE=InnoDB DEFAULT CHARSET=utf8;

-- --------------------------------------------------------

--
-- Table structure for table `BookTags`
--

CREATE TABLE `BookTags` (
  `bookId` int(10) UNSIGNED NOT NULL,
  `tagId` int(10) UNSIGNED NOT NULL
) ENGINE=InnoDB DEFAULT CHARSET=utf8;

--
-- Dumping data for table `BookTags`
--

INSERT INTO `BookTags` (`bookId`, `tagId`) VALUES
(12, 4),
(13, 4),
(14, 4),
(15, 4),
(16, 4),
(17, 4),
(18, 4),
(19, 4),
(20, 4),
(21, 4),
(22, 4),
(23, 4),
(24, 4),
(2, 5),
(25, 4),
(26, 4),
(1, 5),
(3, 5),
(29, 4),
(30, 4),
(31, 4),
(7, 5),
(32, 4),
(34, 5),
(36, 5),
(37, 4),
(38, 5),
(40, 4),
(39, 5),
(41, 5),
(42, 4),
(43, 5),
(44, 4),
(45, 5),
(46, 5),
(47, 4),
(48, 5),
(49, 5),
(50, 4),
(51, 5),
(52, 5),
(54, 4),
(53, 5),
(55, 5),
(56, 5),
(57, 4),
(58, 5),
(60, 4),
(59, 5),
(61, 4),
(62, 5),
(64, 4),
(63, 5),
(65, 4),
(66, 5),
(67, 5),
(69, 4),
(68, 5),
(71, 4),
(70, 5),
(72, 5),
(75, 4),
(76, 4),
(78, 4),
(77, 5),
(79, 4),
(81, 5),
(82, 4),
(84, 4),
(83, 5),
(85, 5),
(86, 5),
(87, 4),
(88, 5),
(89, 4),
(90, 5),
(91, 5),
(92, 5),
(93, 5),
(95, 4),
(94, 5),
(97, 4),
(96, 5),
(98, 5),
(99, 4),
(101, 4),
(100, 5),
(102, 5),
(103, 5),
(105, 5),
(106, 5),
(104, 4),
(107, 5),
(108, 5),
(109, 5),
(110, 5),
(111, 5),
(112, 5),
(113, 5),
(114, 5),
(115, 5),
(116, 5),
(117, 5),
(118, 5),
(119, 5),
(120, 5),
(121, 5),
(123, 5),
(125, 5),
(124, 5),
(127, 5),
(129, 5),
(128, 5),
(130, 5),
(131, 5),
(132, 5),
(133, 5),
(134, 5),
(122, 5),
(135, 5),
(137, 5),
(138, 5),
(136, 5),
(139, 5),
(140, 5),
(141, 5),
(142, 5),
(143, 5),
(144, 5),
(145, 5),
(146, 5),
(147, 5),
(148, 5),
(149, 5),
(150, 5),
(151, 5),
(152, 5),
(154, 5),
(153, 5),
(155, 5),
(156, 5),
(159, 5),
(160, 5),
(158, 5),
(161, 5),
(162, 5),
(164, 5),
(166, 5),
(167, 5),
(168, 5),
(169, 5),
(170, 5),
(171, 5),
(172, 5),
(173, 5),
(174, 5),
(175, 5),
(177, 5),
(178, 5),
(176, 5),
(180, 5),
(179, 5),
(181, 5),
(183, 5),
(182, 5),
(184, 5),
(185, 5),
(186, 5),
(187, 5),
(189, 5),
(188, 5),
(190, 5),
(191, 5),
(192, 5),
(193, 5),
(195, 5),
(196, 5),
(194, 5),
(197, 5),
(198, 5),
(199, 5),
(200, 5),
(201, 5),
(202, 5),
(203, 5),
(205, 5),
(204, 5),
(206, 5),
(208, 5),
(209, 5),
(207, 5),
(211, 5),
(210, 5),
(212, 5),
(213, 5),
(214, 5),
(216, 5),
(217, 5),
(215, 5),
(219, 5),
(218, 5),
(221, 5),
(220, 5),
(222, 5),
(223, 5),
(224, 5),
(225, 5),
(226, 5),
(227, 5),
(228, 5),
(229, 5),
(230, 5),
(232, 5),
(231, 5),
(233, 5),
(234, 5),
(235, 5),
(236, 5),
(237, 5),
(238, 5),
(239, 5),
(240, 5),
(241, 5),
(242, 5),
(243, 5),
(244, 5),
(245, 5),
(246, 5),
(247, 5),
(249, 5),
(250, 5),
(251, 5),
(252, 5),
(253, 5),
(248, 5),
(254, 5),
(255, 5),
(256, 5),
(258, 5),
(259, 5),
(260, 5),
(262, 5),
(261, 5),
(263, 5),
(264, 5),
(265, 5),
(266, 5),
(268, 5),
(267, 5),
(269, 5),
(271, 5),
(270, 5),
(272, 5),
(273, 5),
(274, 5),
(276, 5),
(278, 5),
(277, 5),
(279, 5),
(280, 5),
(281, 5),
(282, 5),
(283, 5),
(284, 5),
(286, 5),
(285, 5),
(287, 5),
(288, 5),
(289, 5),
(290, 5),
(291, 5),
(292, 5),
(293, 5),
(294, 5),
(295, 5),
(296, 5),
(298, 5),
(297, 5),
(299, 5),
(300, 5),
(301, 5),
(302, 5),
(303, 5),
(304, 5),
(305, 5),
(306, 5),
(307, 5),
(308, 5),
(309, 5),
(310, 5),
(311, 5),
(312, 5),
(313, 5),
(315, 5),
(316, 5),
(317, 5),
(314, 5),
(318, 5),
(319, 5),
(320, 5),
(321, 5),
(322, 5),
(323, 5),
(324, 5),
(325, 5),
(326, 5),
(327, 5),
(328, 5),
(329, 5),
(330, 5),
(331, 5),
(333, 5),
(332, 5),
(334, 5),
(336, 5),
(338, 5),
(335, 5),
(337, 5),
(339, 5),
(340, 5),
(341, 5),
(342, 5),
(343, 5),
(344, 5),
(346, 5),
(345, 5),
(347, 5),
(349, 5),
(348, 5),
(350, 5),
(352, 5),
(351, 5),
(353, 5),
(354, 5),
(355, 5),
(356, 5),
(357, 5),
(358, 5),
(359, 5),
(361, 5),
(360, 5),
(362, 5),
(363, 5),
(364, 5),
(366, 5),
(365, 5),
(367, 5),
(368, 5),
(369, 5),
(370, 5),
(371, 5),
(372, 5),
(373, 5),
(375, 5),
(376, 5),
(374, 5),
(377, 5),
(378, 5),
(379, 5),
(380, 5),
(382, 5),
(381, 5),
(384, 5),
(383, 5),
(385, 5),
(386, 5),
(387, 5),
(388, 5),
(391, 5),
(389, 5),
(392, 5),
(393, 5),
(390, 5),
(394, 5),
(396, 5),
(395, 5),
(398, 5),
(399, 5),
(397, 5),
(400, 5),
(401, 5),
(402, 5),
(403, 5),
(404, 5),
(405, 5),
(406, 5),
(407, 5),
(408, 5),
(410, 5),
(409, 5),
(411, 5),
(412, 5),
(413, 5),
(414, 5),
(415, 5),
(416, 5),
(417, 5),
(418, 5),
(419, 5),
(420, 5),
(422, 5),
(421, 5),
(423, 5),
(424, 5),
(425, 5),
(426, 5),
(428, 5),
(427, 5),
(429, 5);

-- --------------------------------------------------------

--
-- Table structure for table `BookTypes`
--

CREATE TABLE `BookTypes` (
  `id` int(10) UNSIGNED NOT NULL,
  `name` varchar(45) NOT NULL
) ENGINE=InnoDB DEFAULT CHARSET=utf8;

--
-- Dumping data for table `BookTypes`
--

INSERT INTO `BookTypes` (`id`, `name`) VALUES
(1, 'Digital'),
(2, 'Standard');

-- --------------------------------------------------------

--
-- Table structure for table `Categories`
--

CREATE TABLE `Categories` (
  `id` int(10) UNSIGNED NOT NULL,
  `name` varchar(250) NOT NULL DEFAULT 'Noname category',
  `title` varchar(100) DEFAULT NULL,
  `url` varchar(250) NOT NULL,
  `metaTitle` varchar(100) DEFAULT NULL,
  `metaKeywords` varchar(255) DEFAULT NULL,
  `metaDescription` varchar(255) DEFAULT NULL
) ENGINE=InnoDB DEFAULT CHARSET=utf8;

-- --------------------------------------------------------

--
-- Table structure for table `DatabaseVersion`
--

CREATE TABLE `DatabaseVersion` (
  `version` int(11) UNSIGNED NOT NULL
) ENGINE=InnoDB DEFAULT CHARSET=utf8;

--
-- Dumping data for table `DatabaseVersion`
--

INSERT INTO `DatabaseVersion` (`version`) VALUES
(7);

-- --------------------------------------------------------

--
-- Table structure for table `DynamicShortCodes`
--

CREATE TABLE `DynamicShortCodes` (
  `id` int(11) UNSIGNED NOT NULL,
  `code` varchar(45) DEFAULT NULL,
  `columnName` varchar(50) DEFAULT NULL
) ENGINE=InnoDB DEFAULT CHARSET=utf8;

-- --------------------------------------------------------

--
-- Table structure for table `ElectronicBooks`
--

CREATE TABLE `ElectronicBooks` (
  `id` int(10) UNSIGNED NOT NULL,
  `path` varchar(300) NOT NULL,
  `title` varchar(100) DEFAULT NULL,
  `uploadingDateTime` datetime DEFAULT NULL
) ENGINE=InnoDB DEFAULT CHARSET=utf8;

--
-- Dumping data for table `ElectronicBooks`
--

INSERT INTO `ElectronicBooks` (`id`, `path`, `title`, `uploadingDateTime`) VALUES
(1, '/2019/December/5df4d650a397b/Accountancy 1 - F6 - 2009.pdf', NULL, '2019-12-14 12:32:16'),
(2, '/2019/December/5df4d81acfbf0/Accountancy 1 - F6 - 2011.pdf', NULL, '2019-12-14 12:39:54'),
(5, '/2019/December/5df4d9c05f7ec/Accountancy 1 - F6 - 2012.pdf', NULL, '2019-12-14 12:46:56'),
(6, '/2019/December/5df4da06ef59b/Accountancy 1 - F6 - 2013.pdf', NULL, '2019-12-14 12:48:06'),
(7, '/2019/December/5df4db02643ec/Accountancy 1 - F6 - 2015.pdf', NULL, '2019-12-14 12:52:18'),
(8, '/2019/December/5df4df87c816b/Accountancy 1 - F6 - 2018.pdf', NULL, '2019-12-14 13:11:35'),
(9, '/2019/December/5df4e2c7216d4/Accountancy 2 - F6 - 2009.pdf', NULL, '2019-12-14 13:25:27'),
(10, '/2019/December/5df4fe9f3ec3d/AGRICULTURE NOTES FORM TWO.pdf', NULL, '2019-12-14 15:24:15'),
(11, '/2019/December/5df4fef03c337/AGRICULTURE NOTES FORM THREE.pdf', NULL, '2019-12-14 15:25:36'),
(12, '/2019/December/5df4ff27ca411/AGRICULTURE NOTES FORM FOUR.pdf', NULL, '2019-12-14 15:26:31'),
(13, '/2019/December/5df4ff793b8d3/BIOLOGY FORM ONE NOTES.pdf', NULL, '2019-12-14 15:27:53'),
(14, '/2019/December/5df5002f68fa4/BIOLOGY FORM TWO NOTES.pdf', NULL, '2019-12-14 15:30:55'),
(15, '/2019/December/5df5008518a2d/BIOLOGY FORM THREE NOTES.pdf', NULL, '2019-12-14 15:32:21'),
(16, '/2019/December/5df500db47924/BIOLOGY NOTES FORM FOUR.pdf', NULL, '2019-12-14 15:33:47'),
(17, '/2019/December/5df50171953fe/BOOKKEPIN NOTES FORM 1.pdf', NULL, '2019-12-14 15:36:17'),
(18, '/2019/December/5df5026cba147/BOOKKEEPING NOTES FORM TWO.pdf', NULL, '2019-12-14 15:40:28'),
(19, '/2019/December/5df502af092bf/BOOKKEEPING NOTES FORM THREE.pdf', NULL, '2019-12-14 15:41:35'),
(20, '/2019/December/5df502e4cac44/BOOKKEEPING NOTES FORM FOUR.pdf', NULL, '2019-12-14 15:42:28'),
(21, '/2019/December/5df5039c1fb3c/FORM ONE CHEMISTRY NOTES.pdf', NULL, '2019-12-14 15:45:32'),
(22, '/2019/December/5df503d1c39f4/FORM TWO CHEMISTRY NOTES.pdf', NULL, '2019-12-14 15:46:25'),
(23, '/2019/December/5df5040ab621b/Chemistry note form three.pdf', NULL, '2019-12-14 15:47:22'),
(24, '/2019/December/5df504c7e1fd6/CHEMISTRY FORM FOUR.pdf', NULL, '2019-12-14 15:50:31'),
(25, '/2019/December/5df5053623a14/CIVICS NOTES FORM ONE.pdf', NULL, '2019-12-14 15:52:22'),
(26, '/2019/December/5df5057876d38/CIVICS NOTE FORM TWO.pdf', NULL, '2019-12-14 15:53:28'),
(27, '/2019/December/5df505c021dd6/civics note form three.pdf', NULL, '2019-12-14 15:54:40'),
(28, '/2019/December/5df505f1d5a65/CIVICS FORM FOUR.pdf', NULL, '2019-12-14 15:55:29'),
(29, '/2019/December/5df5063e1c691/COMMERCE FORM ONE.pdf', NULL, '2019-12-14 15:56:46'),
(30, '/2019/December/5df5068c18516/COMMERCE NOTES FORM TWO.pdf', NULL, '2019-12-14 15:58:04'),
(31, '/2019/December/5df506c9c7ae9/COMMERCE NOTES FORM THREE.pdf', NULL, '2019-12-14 15:59:05'),
(32, '/2019/December/5df506fc2b489/COMMERCE NOTES FORM FOUR.pdf', NULL, '2019-12-14 15:59:56'),
(33, '/2019/December/5df5074fd046f/COMPUTER NOTES FORM TWO.pdf', NULL, '2019-12-14 16:01:19'),
(34, '/2019/December/5df5077e5c7fd/COMPUTER NOTES FORM THREE.pdf', NULL, '2019-12-14 16:02:06'),
(35, '/2019/December/5df507e9f3440/COMPUTER NOTES FORM FOUR.pdf', NULL, '2019-12-14 16:03:54'),
(36, '/2019/December/5df5084627889/Accountancy 2 - F6 - 2011.pdf', NULL, '2019-12-14 16:05:26'),
(37, '/2019/December/5df5084771eef/MWONGOZO WA EDK F-2.pdf', NULL, '2019-12-14 16:05:27'),
(38, '/2019/December/5df50857e77b7/Accountancy 2 - F6 - 2012.pdf', NULL, '2019-12-14 16:05:43'),
(39, '/2019/December/5df5089f5de5a/MWONGOZO WA EDK KIDATO CHA 3.pdf', NULL, '2019-12-14 16:06:55'),
(40, '/2019/December/5df508caa2fbf/Accountancy 2 - F6 - 2016.pdf', NULL, '2019-12-14 16:07:38'),
(41, '/2019/December/5df5090820456/Accountancy 2 - F6 - 2018.pdf', NULL, '2019-12-14 16:08:40'),
(42, '/2019/December/5df5090c87263/MWONGOZO WA EDK F-4..pdf', NULL, '2019-12-14 16:08:44'),
(43, '/2019/December/5df509415fa2d/Additional Math - 1999.pdf', NULL, '2019-12-14 16:09:37'),
(44, '/2019/December/5df50975db84a/English language notes form One1.pdf', NULL, '2019-12-14 16:10:29'),
(45, '/2019/December/5df5098906399/Additional Math - 2000.pdf', NULL, '2019-12-14 16:10:49'),
(46, '/2019/December/5df509b46cad6/English language notes form two.pdf', NULL, '2019-12-14 16:11:32'),
(47, '/2019/December/5df509c3a3a82/Additional Mathematics - F4 - 2015.pdf', NULL, '2019-12-14 16:11:47'),
(48, '/2019/December/5df50a098f8b2/Advanced Math 1 - 2001.pdf', NULL, '2019-12-14 16:12:57'),
(49, '/2019/December/5df50a58cafae/English language notes form three.pdf', NULL, '2019-12-14 16:14:16'),
(50, '/2019/December/5df50a5daa832/Advanced Math 1 - 2002.pdf', NULL, '2019-12-14 16:14:21'),
(51, '/2019/December/5df50a948e4a7/Advanced Math 1 - 2003.pdf', NULL, '2019-12-14 16:15:16'),
(52, '/2019/December/5df50af82988f/Advanced Math 1 - F6 - 2004.pdf', NULL, '2019-12-14 16:16:56'),
(53, '/2019/December/5df50b0a60d3a/English language notes form four.pdf', NULL, '2019-12-14 16:17:14'),
(54, '/2019/December/5df50b4d3e608/Advanced Math 1 - F6 - 2005.pdf', NULL, '2019-12-14 16:18:21'),
(55, '/2019/December/5df50b8e0c5f0/Advanced Math 1 - F6 - 2006.pdf', NULL, '2019-12-14 16:19:26'),
(56, '/2019/December/5df50bb0b6d9c/GEOGRAPHY FORM ONE @tzshule.pdf', NULL, '2019-12-14 16:20:00'),
(57, '/2019/December/5df50bd900bb2/Advanced Math 1 - F6 - 2007.pdf', NULL, '2019-12-14 16:20:41'),
(58, '/2019/December/5df50c1fc4c44/Advanced Math 1 - F6 - 2012.pdf', NULL, '2019-12-14 16:21:51'),
(59, '/2019/December/5df50ca15a259/GEOGRAPHY NOTES FORM 2 @tzshule.pdf', NULL, '2019-12-14 16:24:01'),
(60, '/2019/December/5df50cb2130b5/Advanced Math 1 - F6 - 2013.pdf', NULL, '2019-12-14 16:24:18'),
(61, '/2019/December/5df50cf29ae62/Advanced Math 1 - F6 - 2014.pdf', NULL, '2019-12-14 16:25:22'),
(62, '/2019/December/5df50d090bfa0/GEOGRAPHY NOTES FORM 3 @tzshule.pdf', NULL, '2019-12-14 16:25:45'),
(63, '/2019/December/5df50d2a38ec8/Advanced Math 1 - F6 - 2015.pdf', NULL, '2019-12-14 16:26:18'),
(64, '/2019/December/5df50d5107962/GEOGRAPHY NOTES FORM 4 @tzshule.pdf', NULL, '2019-12-14 16:26:57'),
(65, '/2019/December/5df50d6f19d0c/Advanced Math 1 - F6 - 2016.pdf', NULL, '2019-12-14 16:27:27'),
(66, '/2019/December/5df50d8a251ff/HISTORY FORM ONE.pdf', NULL, '2019-12-14 16:27:54'),
(67, '/2019/December/5df50da10d1dd/Advanced Math 1 - F6 - 2017.pdf', NULL, '2019-12-14 16:28:17'),
(68, '/2019/December/5df50dc69c1f1/HISTORY NOTE FORM TWO @Ttzshule.pdf', NULL, '2019-12-14 16:28:54'),
(69, '/2019/December/5df50e0405588/Advanced Math 1 - F6 - 2018.pdf', NULL, '2019-12-14 16:29:56'),
(70, '/2019/December/5df50e3b9c9fb/Advanced Math 1 - F6 - 2019.pdf', NULL, '2019-12-14 16:30:51'),
(71, '/2019/December/5df50e3dba7b1/HISTORY FORM THREE.pdf', NULL, '2019-12-14 16:30:53'),
(72, '/2019/December/5df50e7ca4bd8/Advanced Math 2 - 2001.pdf', NULL, '2019-12-14 16:31:56'),
(73, '/2019/December/5df50e7d0702b/HISTORY NOTE FORM four @Ttzshule.pdf', NULL, '2019-12-14 16:31:57'),
(74, '/2019/December/5df50ecf21258/Advanced Math 2 - 2002.pdf', NULL, '2019-12-14 16:33:19'),
(75, '/2019/December/5df50f0f7f59d/Advanced Math 2 - 2003.pdf', NULL, '2019-12-14 16:34:23'),
(76, '/2019/December/5df50f6235af9/KISWAHILI KIDATO CHA KWANZA.pdf', NULL, '2019-12-14 16:35:46'),
(77, '/2019/December/5df50fba55d20/KISWAHILI KIDATO CHA PILI.pdf', NULL, '2019-12-14 16:37:14'),
(78, '/2019/December/5df50ffe86254/KISWAHILI KIDATO CHA TATU.pdf', NULL, '2019-12-14 16:38:22'),
(79, '/2019/December/5df5110a2f4eb/Advanced Math 2 - 2003.pdf', NULL, '2019-12-14 16:42:50'),
(80, '/2019/December/5df5111509dee/KISWAHILI KIDATO CHA NNE.pdf', NULL, '2019-12-14 16:43:01'),
(81, '/2019/December/5df5115d4af2b/ANALYSIS OF LITERARY WORKS.pdf', NULL, '2019-12-14 16:44:13'),
(82, '/2019/December/5df5116ed7320/Advanced Math 2 - F6 - 2004.pdf', NULL, '2019-12-14 16:44:30'),
(83, '/2019/December/5df5118fed25e/LITERATURE IN ENGLISH LESSON NOTES.pdf', NULL, '2019-12-14 16:45:03'),
(84, '/2019/December/5df511d459e95/MATHEMATICS FORM ONE.pdf', NULL, '2019-12-14 16:46:12'),
(85, '/2019/December/5df511fbcf182/Advanced Math 2 - F6 - 2006.pdf', NULL, '2019-12-14 16:46:51'),
(86, '/2019/December/5df5120ecbc2e/Mathematics notes F2.pdf', NULL, '2019-12-14 16:47:10'),
(87, '/2019/December/5df5123976f78/Advanced Math 2 - F6 - 2011.pdf', NULL, '2019-12-14 16:47:53'),
(88, '/2019/December/5df5126899d94/Advanced Math 2 - F6 - 2013.pdf', NULL, '2019-12-14 16:48:40'),
(89, '/2019/December/5df5128d2d9fa/Mathematics notes F3.pdf', NULL, '2019-12-14 16:49:17'),
(90, '/2019/December/5df512a39cf1b/Advanced Math 2 - F6 - 2014.pdf', NULL, '2019-12-14 16:49:39'),
(91, '/2019/December/5df512c378b22/Mathematics notes f4.pdf', NULL, '2019-12-14 16:50:11'),
(92, '/2019/December/5df512d36a6b5/Advanced Math 2 - F6 - 2015.pdf', NULL, '2019-12-14 16:50:27'),
(93, '/2019/December/5df51306d1555/Advanced Math 2 - F6 - 2016.pdf', NULL, '2019-12-14 16:51:18'),
(94, '/2019/December/5df5132d6d74d/Advanced Math 2 - F6 - 2017.pdf', NULL, '2019-12-14 16:51:57'),
(95, '/2019/December/5df51361dfe05/Advanced Math 2 - F6 - 2018.pdf', NULL, '2019-12-14 16:52:49'),
(96, '/2019/December/5df513a5f2560/Advanced Math 2 - F6 - 2019.pdf', NULL, '2019-12-14 16:53:58'),
(97, '/2019/December/5df513ca10352/MATHEMATICAL TABLE ~ 4-FIGURE.pdf', NULL, '2019-12-14 16:54:34'),
(98, '/2019/December/5df513e9191f0/Agriculture - F2 - 2008.pdf', NULL, '2019-12-14 16:55:05'),
(99, '/2019/December/5df513fcc6bb5/Phy form 1 notes pure.pdf', NULL, '2019-12-14 16:55:24'),
(100, '/2019/December/5df51417bae74/Agriculture - F2 - 2009.pdf', NULL, '2019-12-14 16:55:51'),
(101, '/2019/December/5df5143e0dbd0/phy form 2 notes pure.pdf', NULL, '2019-12-14 16:56:30'),
(102, '/2019/December/5df5147b9d42f/Agriculture - F2 - 2010.pdf', NULL, '2019-12-14 16:57:31'),
(103, '/2019/December/5df514935881f/PHYSICS FORM THREE.pdf', NULL, '2019-12-14 16:57:55'),
(104, '/2019/December/5df514c0665ff/Agriculture - F2 - 2011.pdf', NULL, '2019-12-14 16:58:40'),
(105, '/2019/December/5df514f3129ed/Agriculture - F2 - 2012.pdf', NULL, '2019-12-14 16:59:31'),
(106, '/2019/December/5df515088233f/PHYSICS FORM FOUR.pdf', NULL, '2019-12-14 16:59:52'),
(107, '/2019/December/5df51542dcd1a/Agriculture - F2 - 2013.pdf', NULL, '2019-12-14 17:00:50'),
(108, '/2019/December/5df51575676a5/Agriculture - F2 - 2014.pdf', NULL, '2019-12-14 17:01:41'),
(109, '/2019/December/5df515fda6cdb/Agriculture - F2 - 2015.pdf', NULL, '2019-12-14 17:03:57'),
(110, '/2019/December/5df5165e43196/Agriculture - F2 - 2016.pdf', NULL, '2019-12-14 17:05:34'),
(111, '/2019/December/5df5168cbbe06/Agriculture - F2 - 2017.pdf', NULL, '2019-12-14 17:06:20'),
(112, '/2019/December/5df5172cb167a/Agriculture - F2 - 2018.pdf', NULL, '2019-12-14 17:09:00'),
(113, '/2019/December/5df51779cc95d/Agriculture 1 - F4 - 1993.pdf', NULL, '2019-12-14 17:10:17'),
(114, '/2019/December/5df517f690835/Agriculture 1 - F4 - 1994.pdf', NULL, '2019-12-14 17:12:22'),
(115, '/2019/December/5df5192c08fcf/Agriculture 1 - F4 - 1997.pdf', NULL, '2019-12-14 17:17:32'),
(116, '/2019/December/5df51ac933625/Agriculture 1 - F4 - 2004.pdf', NULL, '2019-12-14 17:24:25'),
(117, '/2019/December/5df51aff11df5/Agriculture 1 - F4 - 2006.pdf', NULL, '2019-12-14 17:25:19'),
(118, '/2019/December/5df51cb2a44ac/Commerce - F4 - 2012.pdf', NULL, '2019-12-14 17:32:34'),
(119, '/2019/December/5df51d06253e5/Agriculture 1 - F4 - 2011.pdf', NULL, '2019-12-14 17:33:58'),
(120, '/2019/December/5df51d221e8b1/Commerce - F4 - 2013.pdf', NULL, '2019-12-14 17:34:26'),
(121, '/2019/December/5df51d37d4ead/Agriculture 1 - F4 - 2012.pdf', NULL, '2019-12-14 17:34:47'),
(122, '/2019/December/5df51d8d2806f/Agriculture 1 - F4 - 2013.pdf', NULL, '2019-12-14 17:36:13'),
(123, '/2019/December/5df51dbf50136/Agriculture 1 - F4 - 2014.pdf', NULL, '2019-12-14 17:37:03'),
(124, '/2019/December/5df51df6b394e/Agriculture 1 - F4 - 2015.pdf', NULL, '2019-12-14 17:37:58'),
(125, '/2019/December/5df51e62406dc/Commerce - F4 - 2015.pdf', NULL, '2019-12-14 17:39:46'),
(126, '/2019/December/5df51e6241324/Agriculture 1 - F4 - 2016.pdf', NULL, '2019-12-14 17:39:46'),
(127, '/2019/December/5df51ed6ccc5c/Agriculture 1 - F4 - 2017.pdf', NULL, '2019-12-14 17:41:42'),
(128, '/2019/December/5df51eef1b64f/Architectural Draughting - F4 - 2000.pdf', NULL, '2019-12-14 17:42:07'),
(129, '/2019/December/5df51f02d5507/Agriculture 1 - F4 - 2018.pdf', NULL, '2019-12-14 17:42:26'),
(130, '/2019/December/5df51f1a15f48/Architectural Draughting - F4 - 2001.pdf', NULL, '2019-12-14 17:42:50'),
(131, '/2019/December/5df51f479d4af/Agriculture 1 - F6 - 2010.pdf', NULL, '2019-12-14 17:43:35'),
(132, '/2019/December/5df51f740187f/Architectural Draughting - F4 - 2003.pdf', NULL, '2019-12-14 17:44:20'),
(133, '/2019/December/5df51f8a060a7/Agriculture 1 - F6 - 2016.pdf', NULL, '2019-12-14 17:44:42'),
(134, '/2019/December/5df520001a9c4/Agriculture 1 - F6 - 2017.pdf', NULL, '2019-12-14 17:46:40'),
(135, '/2019/December/5df5202adeb77/Agriculture 1 - F6 - 2018.pdf', NULL, '2019-12-14 17:47:22'),
(136, '/2019/December/5df52071aa1d3/Agriculture 2 - F4 - 2006.pdf', NULL, '2019-12-14 17:48:33'),
(137, '/2019/December/5df520a689fa0/Agriculture 2 - F4 - 2007.pdf', NULL, '2019-12-14 17:49:26'),
(138, '/2019/December/5df520c789504/Commerce - 2008 - F2.pdf', NULL, '2019-12-14 17:49:59'),
(139, '/2019/December/5df520d7cb0fa/Agriculture 2 - F4 - 2010.pdf', NULL, '2019-12-14 17:50:15'),
(140, '/2019/December/5df520fec501f/Agriculture 2 - F4 - 2011.pdf', NULL, '2019-12-14 17:50:54'),
(141, '/2019/December/5df521367ec27/Agriculture 2 - F4 - 2012.pdf', NULL, '2019-12-14 17:51:50'),
(142, '/2019/December/5df52164bccfc/Commerce - 2014 - F2.pdf', NULL, '2019-12-14 17:52:36'),
(143, '/2019/December/5df5216dee177/Agriculture 2 - F4 - 2013.pdf', NULL, '2019-12-14 17:52:45'),
(144, '/2019/December/5df521b4b3598/Commerce - 2014.pdf', NULL, '2019-12-14 17:53:56'),
(145, '/2019/December/5df521b620858/Agriculture 2 - F4 - 2014.pdf', NULL, '2019-12-14 17:53:58'),
(146, '/2019/December/5df5220700669/Agriculture 2 - F4 - 2015.pdf', NULL, '2019-12-14 17:55:19'),
(147, '/2019/December/5df5221724ae6/Commerce - F2 - 2013.pdf', NULL, '2019-12-14 17:55:35'),
(148, '/2019/December/5df5223cae087/Architectural Draughting - F4 - 2006.pdf', NULL, '2019-12-14 17:56:12'),
(149, '/2019/December/5df52262df107/Agriculture 2 - F4 - 2016.pdf', NULL, '2019-12-14 17:56:50'),
(150, '/2019/December/5df5228bb6cc4/Architectural Draughting - F4 - 2008.pdf', NULL, '2019-12-14 17:57:31'),
(151, '/2019/December/5df522aca3e14/Agriculture 2 - F4 - 2017.pdf', NULL, '2019-12-14 17:58:04'),
(152, '/2019/December/5df522c479725/Architectural Draughting - F4 - 2010.pdf', NULL, '2019-12-14 17:58:28'),
(153, '/2019/December/5df522c70f339/Commerce - F2 - 2015.pdf', NULL, '2019-12-14 17:58:31'),
(154, '/2019/December/5df522e4dec53/Agriculture 2 - F4 - 2018.pdf', NULL, '2019-12-14 17:59:00'),
(155, '/2019/December/5df523208bd72/Architectural Draughting - F4 - 2011.pdf', NULL, '2019-12-14 18:00:00'),
(156, '/2019/December/5df5232c81498/Agriculture 2 - F6 - 2012.pdf', NULL, '2019-12-14 18:00:12'),
(157, '/2019/December/5df52353dc2c3/Architectural Draughting - F4 - 2012.pdf', NULL, '2019-12-14 18:00:51'),
(158, '/2019/December/5df5235a2ab9f/Agriculture 2 - F6 - 2014.pdf', NULL, '2019-12-14 18:00:58'),
(159, '/2019/December/5df5236ad25d7/Commerce - F2 - 2016.pdf', NULL, '2019-12-14 18:01:14'),
(160, '/2019/December/5df523848d426/Architectural Draughting - F4 - 2015.pdf', NULL, '2019-12-14 18:01:40'),
(161, '/2019/December/5df523ab80470/Agriculture 2 - F6 - 2017.pdf', NULL, '2019-12-14 18:02:19'),
(162, '/2019/December/5df523c3a19ff/Architectural Draughting - F4 - 2017.pdf', NULL, '2019-12-14 18:02:43'),
(163, '/2019/December/5df523ffad850/Agriculture 2 - F6 - 2018.pdf', NULL, '2019-12-14 18:03:43'),
(164, '/2019/December/5df52438d6fa9/Agriculture 2 Adv Instr - F4 - 2006.pdf', NULL, '2019-12-14 18:04:40'),
(165, '/2019/December/5df5243dd9228/Basic Applied Math - F6 - 2006.pdf', NULL, '2019-12-14 18:04:45'),
(166, '/2019/December/5df5247abdf7a/Basic Applied Math - F6 - 2010.pdf', NULL, '2019-12-14 18:05:46'),
(167, '/2019/December/5df5249d5c1cf/Basic Applied Math - F6 - 2011.pdf', NULL, '2019-12-14 18:06:21'),
(168, '/2019/December/5df524ade0909/Agriculture 2 Adv Instr - F4 - 2014.pdf', NULL, '2019-12-14 18:06:37'),
(169, '/2019/December/5df524b7c475d/Commerce - F2 - 2017.pdf', NULL, '2019-12-14 18:06:47'),
(170, '/2019/December/5df524cec8d4a/Basic Applied Math - F6 - 2013.pdf', NULL, '2019-12-14 18:07:10'),
(171, '/2019/December/5df524e414215/Agriculture 2 Adv Instr - F4 - 2015.pdf', NULL, '2019-12-14 18:07:32'),
(172, '/2019/December/5df52528c6f40/Basic Applied Math - F6 - 2014.pdf', NULL, '2019-12-14 18:08:40'),
(173, '/2019/December/5df5253f51fdb/Arabic - F2 - 2018.pdf', NULL, '2019-12-14 18:09:03'),
(174, '/2019/December/5df52542c93a8/Commerce - F2 - 2018.pdf', NULL, '2019-12-14 18:09:06'),
(175, '/2019/December/5df5255a89abd/Basic Applied Math - F6 - 2015.pdf', NULL, '2019-12-14 18:09:30'),
(176, '/2019/December/5df52584a9163/Commerce - F4 - 2016.pdf', NULL, '2019-12-14 18:10:12'),
(177, '/2019/December/5df5258d2fad2/Arabic - F2 ZEC - 2010.pdf', NULL, '2019-12-14 18:10:21'),
(178, '/2019/December/5df5259372293/Basic Applied Math - F6 - 2016.pdf', NULL, '2019-12-14 18:10:27'),
(179, '/2019/December/5df525bcc9932/Arabic - F2 ZEC - 2012.pdf', NULL, '2019-12-14 18:11:08'),
(180, '/2019/December/5df525d5bcc5b/Basic Applied Math - F6 - 2018.pdf', NULL, '2019-12-14 18:11:33'),
(181, '/2019/December/5df525f5dffcb/Arabic - F4 - 2006.pdf', NULL, '2019-12-14 18:12:05'),
(182, '/2019/December/5df5261803b6e/Commerce - F4 - 2017.pdf', NULL, '2019-12-14 18:12:40'),
(183, '/2019/December/5df5261870d42/Basic Applied Math - F6 - 2019.pdf', NULL, '2019-12-14 18:12:40'),
(184, '/2019/December/5df526623eb84/Basic Applied Mathematics - F6 - 2017.pdf', NULL, '2019-12-14 18:13:54'),
(185, '/2019/December/5df5266822479/Physics-F2-2012.pdf', NULL, '2019-12-14 18:14:00'),
(186, '/2019/December/5df52682ba8ef/Commerce - F4 - 2018.pdf', NULL, '2019-12-14 18:14:26'),
(187, '/2019/December/5df52693d96df/Physics-F2-2011.pdf', NULL, '2019-12-14 18:14:43'),
(188, '/2019/December/5df526b5d8900/Physics1-F6-2000.pdf', NULL, '2019-12-14 18:15:17'),
(189, '/2019/December/5df526cc3f247/Commerce 1 - F6 - 2009.pdf', NULL, '2019-12-14 18:15:40'),
(190, '/2019/December/5df52717aa1f6/Physics1-F6-1999.pdf', NULL, '2019-12-14 18:16:55'),
(191, '/2019/December/5df5272eca796/Basic Math - 1996.pdf', NULL, '2019-12-14 18:17:18'),
(192, '/2019/December/5df527495034d/Physics1-F4-2015.pdf', NULL, '2019-12-14 18:17:45'),
(193, '/2019/December/5df5276f510e1/Basic Math - 1997.pdf', NULL, '2019-12-14 18:18:23'),
(194, '/2019/December/5df5277ac7c1b/Physics1-F4-2010.pdf', NULL, '2019-12-14 18:18:34'),
(195, '/2019/December/5df527aee9a48/Commerce 1 - F6 - 2012.pdf', NULL, '2019-12-14 18:19:26'),
(196, '/2019/December/5df527b9ef498/Basic Math - 1998.pdf', NULL, '2019-12-14 18:19:37'),
(197, '/2019/December/5df527ca7b084/Physics 3C - F6 - 2010.pdf', NULL, '2019-12-14 18:19:54'),
(198, '/2019/December/5df527f708d4e/Basic Math - 1999 Jan.pdf', NULL, '2019-12-14 18:20:39'),
(199, '/2019/December/5df528237fce5/Commerce 1 - F6 - 2013.pdf', NULL, '2019-12-14 18:21:23'),
(200, '/2019/December/5df528290999b/Physics 3C - 2000.pdf', NULL, '2019-12-14 18:21:29'),
(201, '/2019/December/5df528343574b/Basic Math - 1999 Nov.pdf', NULL, '2019-12-14 18:21:40'),
(202, '/2019/December/5df52864c962e/Physics 3C - 1999.pdf', NULL, '2019-12-14 18:22:28'),
(203, '/2019/December/5df52878aa219/Basic Math - 2000.pdf', NULL, '2019-12-14 18:22:48'),
(204, '/2019/December/5df5289b34649/Physics 3B - F6 - 2017.pdf', NULL, '2019-12-14 18:23:23'),
(205, '/2019/December/5df528b8c400d/Commerce 1 - F6 - 2015.pdf', NULL, '2019-12-14 18:23:52'),
(206, '/2019/December/5df528bde7b8e/Basic Math - 2001.pdf', NULL, '2019-12-14 18:23:57'),
(207, '/2019/December/5df528c47b373/Physics 3B - F6 - 2016.pdf', NULL, '2019-12-14 18:24:04'),
(208, '/2019/December/5df528eaf3af0/Basic Math - 2002.pdf', NULL, '2019-12-14 18:24:43'),
(209, '/2019/December/5df529164c495/Commerce 1 - F6 - 2016.pdf', NULL, '2019-12-14 18:25:26'),
(210, '/2019/December/5df52929ca82c/Basic Math - 2003 - F2.pdf', NULL, '2019-12-14 18:25:45'),
(211, '/2019/December/5df5293e8a5df/Physics 3B - F6 - 2015.pdf', NULL, '2019-12-14 18:26:06'),
(212, '/2019/December/5df52970d165e/Physics 3B - 2000.pdf', NULL, '2019-12-14 18:26:56'),
(213, '/2019/December/5df5297a89a1d/Basic Math - 2003.pdf', NULL, '2019-12-14 18:27:06'),
(214, '/2019/December/5df52980584db/Commerce 1 - F6 - 2018.pdf', NULL, '2019-12-14 18:27:12'),
(215, '/2019/December/5df5299ae621b/Physics 3B - 1999.pdf', NULL, '2019-12-14 18:27:38'),
(216, '/2019/December/5df529b3db1e4/Commerce 2 - F6 - 2009.pdf', NULL, '2019-12-14 18:28:03'),
(217, '/2019/December/5df529b8d199f/Basic Math - 2004 - F2.pdf', NULL, '2019-12-14 18:28:08'),
(218, '/2019/December/5df529c8d9027/Physics 3A - F6 - 2019.pdf', NULL, '2019-12-14 18:28:24'),
(219, '/2019/December/5df529e1a71f4/Basic Math - 2004.pdf', NULL, '2019-12-14 18:28:49'),
(220, '/2019/December/5df52a003d3cc/Physics 3A - F6 - 2018.pdf', NULL, '2019-12-14 18:29:20'),
(221, '/2019/December/5df52a0b9fd07/Basic Math - 2005 - F2.pdf', NULL, '2019-12-14 18:29:31'),
(222, '/2019/December/5df52a21c07e5/Commerce 2 - F6 - 2012.pdf', NULL, '2019-12-14 18:29:53'),
(223, '/2019/December/5df52a38374d0/Physics 3A - F6 - 2017.pdf', NULL, '2019-12-14 18:30:16'),
(224, '/2019/December/5df52a38edbab/Basic Math - 2005.pdf', NULL, '2019-12-14 18:30:16'),
(225, '/2019/December/5df52a6750652/Basic Math - 2006 - F2.pdf', NULL, '2019-12-14 18:31:03'),
(226, '/2019/December/5df52ab1891a7/Basic Math - 2006.pdf', NULL, '2019-12-14 18:32:17'),
(227, '/2019/December/5df52abccfcf4/Physics 3A - F6 - 2016.pdf', NULL, '2019-12-14 18:32:28'),
(228, '/2019/December/5df52aed7d98b/Basic Math - 2007 - F2.pdf', NULL, '2019-12-14 18:33:17'),
(229, '/2019/December/5df52b1103677/Physics 3A - F6 - 2016.pdf', NULL, '2019-12-14 18:33:53'),
(230, '/2019/December/5df52b1d3270d/Basic Math - 2007.pdf', NULL, '2019-12-14 18:34:05'),
(231, '/2019/December/5df52b4728606/Physics 3A - F6 - 2015.pdf', NULL, '2019-12-14 18:34:47'),
(232, '/2019/December/5df52b5572f13/Basic Math - 2008.pdf', NULL, '2019-12-14 18:35:01'),
(233, '/2019/December/5df52b8478b5f/Physics 3A - F6 - 2013.pdf', NULL, '2019-12-14 18:35:48'),
(234, '/2019/December/5df52b89ba2b8/Commerce 2 - F6 - 2013.pdf', NULL, '2019-12-14 18:35:53'),
(235, '/2019/December/5df52b8c8abad/Basic Math - 2010.pdf', NULL, '2019-12-14 18:35:56'),
(236, '/2019/December/5df52bb414e75/Physics 3A - 2000.pdf', NULL, '2019-12-14 18:36:36'),
(237, '/2019/December/5df52be8b461f/Physics 3A - 1999.pdf', NULL, '2019-12-14 18:37:28'),
(238, '/2019/December/5df52c03e7dfb/Basic Math - 2011 - F2.pdf', NULL, '2019-12-14 18:37:55'),
(239, '/2019/December/5df52c199d431/Physics 2C - F4 - 2015.pdf', NULL, '2019-12-14 18:38:17'),
(240, '/2019/December/5df52c3d55f0d/Basic Math - 2011.pdf', NULL, '2019-12-14 18:38:53'),
(241, '/2019/December/5df52c56ec072/Physics 2C - F4 - 2014.pdf', NULL, '2019-12-14 18:39:18'),
(242, '/2019/December/5df52c6f3bd79/Basic Math - 2012.pdf', NULL, '2019-12-14 18:39:43'),
(243, '/2019/December/5df52c752a6c8/Commerce 2 - F6 - 2015.pdf', NULL, '2019-12-14 18:39:49'),
(244, '/2019/December/5df52c99b2815/Physics 2C - F4 - 2013.pdf', NULL, '2019-12-14 18:40:25'),
(245, '/2019/December/5df52ccf6d116/Physics 2C - F4 - 2012.pdf', NULL, '2019-12-14 18:41:19'),
(246, '/2019/December/5df52cd388a4f/Basic Math - 2013 - F2.pdf', NULL, '2019-12-14 18:41:23'),
(247, '/2019/December/5df52cfcc10a7/Basic Math - 2013.pdf', NULL, '2019-12-14 18:42:04'),
(248, '/2019/December/5df52d234fe63/Basic Math - 2014 - F2.pdf', NULL, '2019-12-14 18:42:43'),
(249, '/2019/December/5df52d281669e/Commerce 2 - F6 - 2016.pdf', NULL, '2019-12-14 18:42:48'),
(250, '/2019/December/5df52d281fbbb/Physics 2C - F4 - 2011.pdf', NULL, '2019-12-14 18:42:48'),
(251, '/2019/December/5df52d4e0c590/Basic Math - 2014.pdf', NULL, '2019-12-14 18:43:26'),
(252, '/2019/December/5df52d5a5afeb/Physics 2C - F4 - 2010.pdf', NULL, '2019-12-14 18:43:38'),
(253, '/2019/December/5df52d8a2adbb/Physics 2B - F4 - 2017.pdf', NULL, '2019-12-14 18:44:26'),
(254, '/2019/December/5df52db46e63e/Physics 2B - F4 - 2016.pdf', NULL, '2019-12-14 18:45:08'),
(255, '/2019/December/5df52de7612cf/Physics 2B - F4 - 2015.pdf', NULL, '2019-12-14 18:45:59'),
(256, '/2019/December/5df52e5bbaf21/Commerce 2 - F6 - 2018.pdf', NULL, '2019-12-14 18:47:55'),
(257, '/2019/December/5df52e6feea0c/Basic Math - 2015 - F2.pdf', NULL, '2019-12-14 18:48:15'),
(258, '/2019/December/5df52f11324a3/Basic Math - F2 - 2008.pdf', NULL, '2019-12-14 18:50:57'),
(259, '/2019/December/5df52f39d34ac/Computer 1 - F4 - 2006.pdf', NULL, '2019-12-14 18:51:37'),
(260, '/2019/December/5df52f758bc23/Basic Math - F2 - 2009.pdf', NULL, '2019-12-14 18:52:37'),
(261, '/2019/December/5df52fc6384d9/Basic Math - F2 - 2012.pdf', NULL, '2019-12-14 18:53:58'),
(262, '/2019/December/5df52ff116522/Computer 1 - F4 - 2007 (new).pdf', NULL, '2019-12-14 18:54:41'),
(263, '/2019/December/5df52ffc9c4d2/Basic Math - F2 - 2016.pdf', NULL, '2019-12-14 18:54:52'),
(264, '/2019/December/5df5302003e25/Physics 2B - F4 - 2014.pdf', NULL, '2019-12-14 18:55:28'),
(265, '/2019/December/5df53034a63f8/Basic Math - F2 - 2017.pdf', NULL, '2019-12-14 18:55:48'),
(266, '/2019/December/5df5305377cf3/Physics 2B - F4 - 2013.pdf', NULL, '2019-12-14 18:56:19'),
(267, '/2019/December/5df530a32b8f8/Physics 2B - F4 - 2012.pdf', NULL, '2019-12-14 18:57:39'),
(268, '/2019/December/5df530d670d8f/Physics 2B - F4 - 2011.pdf', NULL, '2019-12-14 18:58:30'),
(269, '/2019/December/5df530fba7bba/Computer 1 - F4 - 2007.pdf', NULL, '2019-12-14 18:59:07'),
(270, '/2019/December/5df53100db443/Physics 2B - F4 - 2010.pdf', NULL, '2019-12-14 18:59:12'),
(271, '/2019/December/5df53107ed5b9/Basic Math - F2 - 2018.pdf', NULL, '2019-12-14 18:59:19'),
(272, '/2019/December/5df5312c94659/Physics 2B - 2003.pdf', NULL, '2019-12-14 18:59:56'),
(273, '/2019/December/5df53165d78c8/Physics 2B - 1998.pdf', NULL, '2019-12-14 19:00:53'),
(274, '/2019/December/5df5319fe54d7/Physics 2A - F4 - 2018.pdf', NULL, '2019-12-14 19:01:51'),
(275, '/2019/December/5df531c20a711/Computer 1 - F4 - 2008.pdf', NULL, '2019-12-14 19:02:26'),
(276, '/2019/December/5df531caa0e07/Physics 2A - F4 - 2017.pdf', NULL, '2019-12-14 19:02:34'),
(277, '/2019/December/5df53223bd58a/Basic Math - F2 ZEC - 2014.pdf', NULL, '2019-12-14 19:04:03'),
(278, '/2019/December/5df5322cb31fc/Computer 1 - F4 - 2009.pdf', NULL, '2019-12-14 19:04:12'),
(279, '/2019/December/5df5326726ae6/Physics 2A - F4 - 2016.pdf', NULL, '2019-12-14 19:05:11'),
(280, '/2019/December/5df532a4a3d17/Physics 2A - F4 - 2015.pdf', NULL, '2019-12-14 19:06:12'),
(281, '/2019/December/5df532e563b70/Physics 2A - F4 - 2012.pdf', NULL, '2019-12-14 19:07:17'),
(282, '/2019/December/5df532e78b172/Computer 1 - F4 - 2010.pdf', NULL, '2019-12-14 19:07:19'),
(283, '/2019/December/5df533374f099/Computer 1 - F4 - 2011.pdf', NULL, '2019-12-14 19:08:39'),
(284, '/2019/December/5df5333cb3029/Physics 2A - F4 - 2010.pdf', NULL, '2019-12-14 19:08:44'),
(285, '/2019/December/5df53359ed4e8/Physics 2A - 2014.pdf', NULL, '2019-12-14 19:09:13'),
(286, '/2019/December/5df53394d252f/Physics 2A - 2013.pdf', NULL, '2019-12-14 19:10:12'),
(287, '/2019/December/5df533bb1fd6a/Physics 2A - 2011.pdf', NULL, '2019-12-14 19:10:51'),
(288, '/2019/December/5df533ec6a869/Physics 2A - 2009.pdf', NULL, '2019-12-14 19:11:40'),
(289, '/2019/December/5df5340637f05/Physics 2A - 2008.pdf', NULL, '2019-12-14 19:12:06'),
(290, '/2019/December/5df5341cc561b/Computer 1 - F4 - 2012.pdf', NULL, '2019-12-14 19:12:28'),
(291, '/2019/December/5df534245f143/Basic Math - F4 - 2009.pdf', NULL, '2019-12-14 19:12:36'),
(292, '/2019/December/5df5342de29bc/Physics 2A - 2007.pdf', NULL, '2019-12-14 19:12:45'),
(293, '/2019/December/5df5344d183cb/Physics 2A - 2006.pdf', NULL, '2019-12-14 19:13:17'),
(294, '/2019/December/5df534782cca6/Basic Math - F4 - 2016.pdf', NULL, '2019-12-14 19:14:00'),
(295, '/2019/December/5df53480cbddf/Physics 2A - 2005.pdf', NULL, '2019-12-14 19:14:08'),
(296, '/2019/December/5df53491b51ec/Computer 1 - F4 - 2013.pdf', NULL, '2019-12-14 19:14:25'),
(297, '/2019/December/5df534b464d3e/Physics 2A - 2004.pdf', NULL, '2019-12-14 19:15:00'),
(298, '/2019/December/5df534de03a8e/Basic Math - F4 - 2017.pdf', NULL, '2019-12-14 19:15:42'),
(299, '/2019/December/5df534e19f8dc/Computer 1 - F4 - 2014.pdf', NULL, '2019-12-14 19:15:45'),
(300, '/2019/December/5df534e6594ae/Physics 2 - F6 - 2019.pdf', NULL, '2019-12-14 19:15:50'),
(301, '/2019/December/5df5351a4b314/Basic Math - F4 - 2018.pdf', NULL, '2019-12-14 19:16:42'),
(302, '/2019/December/5df53526b3310/Physics 2 - F6 - 2018.pdf', NULL, '2019-12-14 19:16:54'),
(303, '/2019/December/5df5354ee2a7a/Basic Math (P) - 2009.pdf', NULL, '2019-12-14 19:17:34'),
(304, '/2019/December/5df53550a3df1/Physics 2 - F6 - 2017.pdf', NULL, '2019-12-14 19:17:36'),
(305, '/2019/December/5df5356fb7a4e/Physics 2 - F6 - 2016.pdf', NULL, '2019-12-14 19:18:07'),
(306, '/2019/December/5df5358960b8a/Basic Math (P) - 2014.pdf', NULL, '2019-12-14 19:18:33'),
(307, '/2019/December/5df535a324606/Computer 1 - F4 - 2015.pdf', NULL, '2019-12-14 19:18:59'),
(308, '/2019/December/5df535bfef6cd/Physics 2 - F6 - 2013.pdf', NULL, '2019-12-14 19:19:27'),
(309, '/2019/December/5df535de767c5/BasicMath-F4-2015.pdf', NULL, '2019-12-14 19:19:58'),
(310, '/2019/December/5df535f6943e9/Physics 2 - F6 - 2009.pdf', NULL, '2019-12-14 19:20:22'),
(311, '/2019/December/5df5363ce393c/Physics 2 - F6 - 2007.pdf', NULL, '2019-12-14 19:21:32'),
(312, '/2019/December/5df53641ce2f0/Computer 1 - F4 - 2016.pdf', NULL, '2019-12-14 19:21:37'),
(313, '/2019/December/5df5366d039ac/Physics 2 - F4 - 2015.pdf', NULL, '2019-12-14 19:22:21'),
(314, '/2019/December/5df5368e110fe/Biology - 2005 - F2.pdf', NULL, '2019-12-14 19:22:54'),
(315, '/2019/December/5df536a427ad8/Physics 2 - F4 - 2014.pdf', NULL, '2019-12-14 19:23:16'),
(316, '/2019/December/5df536c0d150f/Computer 1 - F4 - 2017.pdf', NULL, '2019-12-14 19:23:44'),
(317, '/2019/December/5df536c60d83d/Physics 2 - F4 - 2013.pdf', NULL, '2019-12-14 19:23:50'),
(318, '/2019/December/5df536dd76591/Biology - 2006 - F2.pdf', NULL, '2019-12-14 19:24:13'),
(319, '/2019/December/5df536e46ae57/Physics 2 - F4 - 2012.pdf', NULL, '2019-12-14 19:24:20'),
(320, '/2019/December/5df537031c3ad/Physics 2 - F4 - 2011.pdf', NULL, '2019-12-14 19:24:51'),
(321, '/2019/December/5df53708635c7/Computer 2 - F4 - 2006.pdf', NULL, '2019-12-14 19:24:56'),
(322, '/2019/December/5df537309b166/Physics 1 - F6 - 2019.pdf', NULL, '2019-12-14 19:25:36'),
(323, '/2019/December/5df53753d2400/Computer 2 - F4 - 2008.pdf', NULL, '2019-12-14 19:26:11'),
(324, '/2019/December/5df53763b3b53/Physics 1 - F6 - 2018.pdf', NULL, '2019-12-14 19:26:27'),
(325, '/2019/December/5df537882caca/Physics 1 - F6 - 2017.pdf', NULL, '2019-12-14 19:27:04'),
(326, '/2019/December/5df53799793e5/Biology - 2007 - F2.pdf', NULL, '2019-12-14 19:27:21'),
(327, '/2019/December/5df537a376eae/Computer 2 - F4 - 2009.pdf', NULL, '2019-12-14 19:27:31'),
(328, '/2019/December/5df537bd4f67e/Physics 1 - F6 - 2016.pdf', NULL, '2019-12-14 19:27:57'),
(329, '/2019/December/5df537f6d08e0/Computer 2 - F4 - 2010.pdf', NULL, '2019-12-14 19:28:54'),
(330, '/2019/December/5df537f706078/Literature - F4 - 2017.pdf', NULL, '2019-12-14 19:28:55'),
(331, '/2019/December/5df53807d4c72/Biology - 2013 - F2.pdf', NULL, '2019-12-14 19:29:11'),
(332, '/2019/December/5df53827d7fa0/Literature - F4 - 2016.pdf', NULL, '2019-12-14 19:29:43'),
(333, '/2019/December/5df538396e78e/Computer 2 - F4 - 2011.pdf', NULL, '2019-12-14 19:30:01'),
(334, '/2019/December/5df53839859cf/Biology - F2 - 2008.pdf', NULL, '2019-12-14 19:30:01'),
(335, '/2019/December/5df53852c1660/Kiswahili 2 - F6 - 2019.pdf', NULL, '2019-12-14 19:30:26'),
(336, '/2019/December/5df53863545aa/Computer 2 - F4 - 2012.pdf', NULL, '2019-12-14 19:30:43'),
(337, '/2019/December/5df5386b41dda/Biology - F2 - 2009.pdf', NULL, '2019-12-14 19:30:51'),
(338, '/2019/December/5df538835f6b9/Kiswahili 2 - F6 - 2017.pdf', NULL, '2019-12-14 19:31:15'),
(339, '/2019/December/5df5389c3d6a0/Computer 2 - F4 - 2013.pdf', NULL, '2019-12-14 19:31:40'),
(340, '/2019/December/5df538a391a6e/Biology - F2 - 2012.pdf', NULL, '2019-12-14 19:31:47'),
(341, '/2019/December/5df538b8e1010/Kiswahili 2 - F6 - 2016.pdf', NULL, '2019-12-14 19:32:08'),
(342, '/2019/December/5df538d721865/Kiswahili 2 - F6 - 2015.pdf', NULL, '2019-12-14 19:32:39'),
(343, '/2019/December/5df538d73dc25/Computer 2 - F4 - 2014.pdf', NULL, '2019-12-14 19:32:39'),
(344, '/2019/December/5df538ec32195/Biology - F2 - 2014.pdf', NULL, '2019-12-14 19:33:00'),
(345, '/2019/December/5df539096942d/History-2-F6-2013.pdf', NULL, '2019-12-14 19:33:29'),
(346, '/2019/December/5df539165f2e2/Biology - F2 - 2016.pdf', NULL, '2019-12-14 19:33:42'),
(347, '/2019/December/5df5391dd1d7f/Economics 1 - F6 - 2006.pdf', NULL, '2019-12-14 19:33:49'),
(348, '/2019/December/5df53942942cd/History2-F6-2011.pdf', NULL, '2019-12-14 19:34:26'),
(349, '/2019/December/5df53959ac5c5/Biology - F2 - 2017.pdf', NULL, '2019-12-14 19:34:49'),
(350, '/2019/December/5df539684454f/History-1-F6-2013.pdf', NULL, '2019-12-14 19:35:04'),
(351, '/2019/December/5df5398dc6360/History 2 - F6 - 2019.pdf', NULL, '2019-12-14 19:35:41'),
(352, '/2019/December/5df539ab6cdb3/History 2 - F6 - 2018.pdf', NULL, '2019-12-14 19:36:11'),
(353, '/2019/December/5df539adad93b/Economics 1 - F6 - 2008.pdf', NULL, '2019-12-14 19:36:13'),
(354, '/2019/December/5df539c673e7e/Biology - F2 - 2018.pdf', NULL, '2019-12-14 19:36:38'),
(355, '/2019/December/5df539cb8a0f5/History 2 - F6 - 2017.pdf', NULL, '2019-12-14 19:36:43'),
(356, '/2019/December/5df539dd67574/Economics 1 - F6 - 2009.pdf', NULL, '2019-12-14 19:37:01'),
(357, '/2019/December/5df539ed463f4/History 2 - F6 - 2016.pdf', NULL, '2019-12-14 19:37:17'),
(358, '/2019/December/5df53a1e760b3/History - F4 - 2018.pdf', NULL, '2019-12-14 19:38:06'),
(359, '/2019/December/5df53a30400b9/Economics 1 - F6 - 2010.pdf', NULL, '2019-12-14 19:38:24'),
(360, '/2019/December/5df53a3a88908/Biology - F2 ZEC - 2014.pdf', NULL, '2019-12-14 19:38:34'),
(361, '/2019/December/5df53a5251220/History - F4 - 2017.pdf', NULL, '2019-12-14 19:38:58'),
(362, '/2019/December/5df53a5c60adf/Economics 1 - F6 - 2011.pdf', NULL, '2019-12-14 19:39:08'),
(363, '/2019/December/5df53a6f3dd71/History - F4 - 2009.pdf', NULL, '2019-12-14 19:39:27'),
(364, '/2019/December/5df53a8152d4d/Biology - F2 ZEC - 2015.pdf', NULL, '2019-12-14 19:39:45'),
(365, '/2019/December/5df53a970084a/Economics 1 - F6 - 2012.pdf', NULL, '2019-12-14 19:40:07'),
(366, '/2019/December/5df53a9aa4e28/Geography 2 - F6 - 2019.pdf', NULL, '2019-12-14 19:40:10'),
(367, '/2019/December/5df53ac30098f/Geography 2 - F6 - 2018.pdf', NULL, '2019-12-14 19:40:51'),
(368, '/2019/December/5df53ac86e5ef/Economics 1 - F6 - 2013.pdf', NULL, '2019-12-14 19:40:56'),
(369, '/2019/December/5df53ad1c9bc1/Biology - F2 ZEC - 2017.pdf', NULL, '2019-12-14 19:41:05'),
(370, '/2019/December/5df53ae120cba/Geography 2 - F6 - 2017.pdf', NULL, '2019-12-14 19:41:21'),
(371, '/2019/December/5df53af69df4d/Economics 1 - F6 - 2014.pdf', NULL, '2019-12-14 19:41:42'),
(372, '/2019/December/5df53b010cc23/Geography 2 - F6 - 2016.pdf', NULL, '2019-12-14 19:41:53'),
(373, '/2019/December/5df53b19c3824/Biology 1 - 1991.pdf', NULL, '2019-12-14 19:42:17'),
(374, '/2019/December/5df53b2c14e32/Economics 1 - F6 - 2015.pdf', NULL, '2019-12-14 19:42:36'),
(375, '/2019/December/5df53b2d1fc7c/Geography 1 - F6 - 2019.pdf', NULL, '2019-12-14 19:42:37'),
(376, '/2019/December/5df53b446e059/Biology 1 - 1993.pdf', NULL, '2019-12-14 19:43:00'),
(377, '/2019/December/5df53b553b869/Geography 1 - F6 - 2018.pdf', NULL, '2019-12-14 19:43:17'),
(378, '/2019/December/5df53b5dea310/Economics 1 - F6 - 2016.pdf', NULL, '2019-12-14 19:43:25'),
(379, '/2019/December/5df53b6b8af8b/Biology 1 - 1994.pdf', NULL, '2019-12-14 19:43:39'),
(380, '/2019/December/5df53b7bc357d/Geography 1 - F6 - 2017.pdf', NULL, '2019-12-14 19:43:55'),
(381, '/2019/December/5df53b93392b3/Biology 1 - 1995.pdf', NULL, '2019-12-14 19:44:19'),
(382, '/2019/December/5df53b9e22a95/Economics 1 - F6 - 2016.pdf', NULL, '2019-12-14 19:44:30'),
(383, '/2019/December/5df53badbc5c9/Geography 1 - F6 - 2016.pdf', NULL, '2019-12-14 19:44:45'),
(384, '/2019/December/5df53bc659402/Geography 1 - F6 - 2015.pdf', NULL, '2019-12-14 19:45:10'),
(385, '/2019/December/5df53bcc110b4/Biology 1 - 1997.pdf', NULL, '2019-12-14 19:45:16'),
(386, '/2019/December/5df53bd016885/Economics 1 - F6 - 2017.pdf', NULL, '2019-12-14 19:45:20'),
(387, '/2019/December/5df53be42bd9d/Geography 1 - F6 - 2014.pdf', NULL, '2019-12-14 19:45:40'),
(388, '/2019/December/5df53bf564c5e/Biology 1 - 1998.pdf', NULL, '2019-12-14 19:45:57'),
(389, '/2019/December/5df53bfec05f2/Economics 1 - F6 - 2018.pdf', NULL, '2019-12-14 19:46:06'),
(390, '/2019/December/5df53c1237694/Geography (P) - F4 - 2015.pdf', NULL, '2019-12-14 19:46:26'),
(391, '/2019/December/5df53c1e50bda/Biology 1 - 1999 Jan.pdf', NULL, '2019-12-14 19:46:38'),
(392, '/2019/December/5df53c39c4824/Economics 1 - F6 - 2019.pdf', NULL, '2019-12-14 19:47:05'),
(393, '/2019/December/5df53c4437fd0/Geography (P) - F4 - 2014.pdf', NULL, '2019-12-14 19:47:16'),
(394, '/2019/December/5df53c4c47817/Biology 1 - 1999 Nov.pdf', NULL, '2019-12-14 19:47:24'),
(395, '/2019/December/5df53c663cac6/Geography (P) - F4 - 2013.pdf', NULL, '2019-12-14 19:47:50'),
(396, '/2019/December/5df53c8ba9abc/Biology 1 - 1999.pdf', NULL, '2019-12-14 19:48:27'),
(397, '/2019/December/5df53c90c3318/General Studies - F6 - 2019.pdf', NULL, '2019-12-14 19:48:32'),
(398, '/2019/December/5df53ca8858ab/Economics 2 - F6 - 2011.pdf', NULL, '2019-12-14 19:48:56'),
(399, '/2019/December/5df53cb7e6b4f/General Studies - F6 - 2018.pdf', NULL, '2019-12-14 19:49:11'),
(400, '/2019/December/5df53cd538b6e/General Studies - F6 - 2017.pdf', NULL, '2019-12-14 19:49:41'),
(401, '/2019/December/5df53cdb11550/Economics 2 - F6 - 2015.pdf', NULL, '2019-12-14 19:49:47'),
(402, '/2019/December/5df53ce612286/Biology 1 - 2000.pdf', NULL, '2019-12-14 19:49:58'),
(403, '/2019/December/5df53d02af93b/General Studies - F6 - 2016.pdf', NULL, '2019-12-14 19:50:26'),
(404, '/2019/December/5df53d1f0c920/Economics 2 - F6 - 2016.pdf', NULL, '2019-12-14 19:50:55'),
(405, '/2019/December/5df53d2e8749e/General Studies - F6 - 2015.pdf', NULL, '2019-12-14 19:51:10'),
(406, '/2019/December/5df53d5c91c50/Economics 2 - F6 - 2017.pdf', NULL, '2019-12-14 19:51:56'),
(407, '/2019/December/5df53d72a7484/English 2 - F6 - 2019.pdf', NULL, '2019-12-14 19:52:18'),
(408, '/2019/December/5df53d84907dc/Economics 2 - F6 - 2018.pdf', NULL, '2019-12-14 19:52:36'),
(409, '/2019/December/5df53db0a831d/English 2 - F6 - 2018.pdf', NULL, '2019-12-14 19:53:20'),
(410, '/2019/December/5df53dbf41da8/Economics 2 - F6 - 2019.pdf', NULL, '2019-12-14 19:53:35'),
(411, '/2019/December/5df53dd106d54/English 2 - F6 - 2017.pdf', NULL, '2019-12-14 19:53:53'),
(412, '/2019/December/5df53dfd8b155/English - 2007.pdf', NULL, '2019-12-14 19:54:37'),
(413, '/2019/December/5df53dfe1534b/English 2 - F6 - 2016.pdf', NULL, '2019-12-14 19:54:38'),
(414, '/2019/December/5df53e1969299/English 2 - F6 - 2015.pdf', NULL, '2019-12-14 19:55:05'),
(415, '/2019/December/5df53e294cbaa/English - 2008.pdf', NULL, '2019-12-14 19:55:21'),
(416, '/2019/December/5df53e42612ca/English 2 - F6 - 2014.pdf', NULL, '2019-12-14 19:55:46'),
(417, '/2019/December/5df53e5fe2fe3/English - 2010.pdf', NULL, '2019-12-14 19:56:15'),
(418, '/2019/December/5df53e6b5a465/English 1 - F6 - 2019.pdf', NULL, '2019-12-14 19:56:27'),
(419, '/2019/December/5df53e8fe7684/English - 2011.pdf', NULL, '2019-12-14 19:57:03'),
(420, '/2019/December/5df53ea695de3/English 1 - F6 - 2018.pdf', NULL, '2019-12-14 19:57:26'),
(421, '/2019/December/5df53ebfe2c71/English - 2012.pdf', NULL, '2019-12-14 19:57:51'),
(422, '/2019/December/5df53ec77f385/English 1 - F6 - 2017.pdf', NULL, '2019-12-14 19:57:59'),
(423, '/2019/December/5df53ee1142ee/English 1 - F6 - 2016.pdf', NULL, '2019-12-14 19:58:25'),
(424, '/2019/December/5df53efa7d65f/English - 2013.pdf', NULL, '2019-12-14 19:58:50'),
(425, '/2019/December/5df53f086c368/English 1 - F6 - 2014.pdf', NULL, '2019-12-14 19:59:04'),
(426, '/2019/December/5df53f2c21c73/English - 2014.pdf', NULL, '2019-12-14 19:59:40'),
(427, '/2019/December/5df53f3e3a83c/English - F4 - 2018.pdf', NULL, '2019-12-14 19:59:58'),
(428, '/2019/December/5df53f5f6767e/English - 2015.pdf', NULL, '2019-12-14 20:00:31'),
(429, '/2019/December/5df53f9d69558/English - F4 - 2017.pdf', NULL, '2019-12-14 20:01:33'),
(430, '/2019/December/5df53faec5dda/English - F2 - 2010.pdf', NULL, '2019-12-14 20:01:50'),
(431, '/2019/December/5df53fc6dc838/English - F4 - 2016.pdf', NULL, '2019-12-14 20:02:14'),
(432, '/2019/December/5df540019f9c9/English - F2 - 2011.pdf', NULL, '2019-12-14 20:03:13');

-- --------------------------------------------------------

--
-- Table structure for table `EmailNotifications`
--

CREATE TABLE `EmailNotifications` (
  `id` int(11) NOT NULL,
  `route` varchar(100) NOT NULL COMMENT 'should be routeName',
  `userId` int(11) UNSIGNED NOT NULL,
  `subject` varchar(255) DEFAULT NULL,
  `content` longtext,
  `templateName` varchar(255) DEFAULT NULL,
  `from` varchar(255) NOT NULL COMMENT 'JSON object {email:Name}',
  `to` longtext NOT NULL COMMENT 'JSON array of objects {email1:Name1;email2:Name2;...}',
  `creationDateTime` datetime DEFAULT NULL,
  `updateDateTime` datetime DEFAULT NULL,
  `isEnabled` bit(1) NOT NULL DEFAULT b'0'
) ENGINE=InnoDB DEFAULT CHARSET=utf8;

--
-- Dumping data for table `EmailNotifications`
--

INSERT INTO `EmailNotifications` (`id`, `route`, `userId`, `subject`, `content`, `templateName`, `from`, `to`, `creationDateTime`, `updateDateTime`, `isEnabled`) VALUES
(1, 'userRegistration', 2, 'Confirmation of Registration', '<!DOCTYPE html PUBLIC \"-//W3C//DTD XHTML 1.0 Transitional//EN\" \"http://www.w3.org/TR/xhtml1/DTD/xhtml1-transitional.dtd\">\r\n<html xmlns=\"http://www.w3.org/1999/xhtml\">\r\n    <head>\r\n        <meta name=\"viewport\" content=\"width=device-width\"/>\r\n        <meta http-equiv=\"Content-Type\" content=\"text/html; charset=UTF-8\"/>\r\n        [STYLES_1]\r\n    </head>\r\n    <body>\r\n        <table class=\"body-wrap\">\r\n            <tr>\r\n                <td></td>\r\n                <td class=\"container\" width=\"600\">\r\n                    <div class=\"content\">\r\n                        <table class=\"main\" width=\"100%\" cellpadding=\"0\" cellspacing=\"0\">\r\n                            <tr>\r\n                                <td class=\"alert alert-info\"><img src=\"[LOGO]\" alt=\"LibraryCMS\"></td>\r\n                            </tr>\r\n                            <tr>\r\n                                <td class=\"content-wrap\">\r\n                                    <table width=\"100%\" cellpadding=\"0\" cellspacing=\"0\">\r\n                                        <tr>\r\n                                            <td class=\"content-block aligncenter\">\r\n                                                <h1 class=\"\">Hello, [FIRST_NAME] [LAST_NAME]!</h1></td>\r\n                                        </tr>\r\n                                        <tr>\r\n                                            <td class=\"content-block aligncenter\"> Thank you for registering on the site [SITE_NAME].\r\n                                            </td>\r\n                                        </tr>\r\n                                        <tr>\r\n                                            <td class=\"content-block aligncenter\"> In order to enter your account, you need to activate it.\r\n                                            </td>\r\n                                        </tr>\r\n                                        <tr>\r\n                                            <td class=\"content-block aligncenter\"> To activate your account, please follow this link:\r\n                                            </td>\r\n                                        </tr>\r\n                                        <tr>\r\n                                            <td class=\"content-block aligncenter\">\r\n                                                <a href=\"[CONFIRMATION_LINK]\" class=\"btn-primary\">Confirm Email</a></td>\r\n                                        </tr>\r\n                                        <tr>\r\n                                            <td class=\"content-block aligncenter\"> Sincerely, [SITE_NAME].\r\n                                            </td>\r\n                                        </tr>\r\n                                    </table>\r\n                                </td>\r\n                            </tr>\r\n                        </table>\r\n                        <div class=\"footer\">\r\n                            <table width=\"100%\">\r\n                                <tr>\r\n                                    <td class=\"aligncenter content-block\"><a href=\"[SITE_LINK]\">[SITE_NAME]</a></td>\r\n                                </tr>\r\n                            </table>\r\n                        </div>\r\n                    </div>\r\n                </td>\r\n                <td></td>\r\n            </tr>\r\n        </table>\r\n    </body>\r\n</html>', 'userRegistration.tpl', '', '', '2017-10-29 13:33:20', '2017-12-02 20:35:32', b'1'),
(2, 'requestCreate', 1, 'User Request Books', '<!DOCTYPE html PUBLIC \"-//W3C//DTD XHTML 1.0 Transitional//EN\" \"http://www.w3.org/TR/xhtml1/DTD/xhtml1-transitional.dtd\">\r\n<html xmlns=\"http://www.w3.org/1999/xhtml\">\r\n    <head>\r\n        <meta name=\"viewport\" content=\"width=device-width\"/>\r\n        <meta http-equiv=\"Content-Type\" content=\"text/html; charset=UTF-8\"/>\r\n        [STYLES_1]\r\n    </head>\r\n\r\n    <body>\r\n        <table class=\"body-wrap\">\r\n            <tr>\r\n                <td></td>\r\n                <td class=\"container\" width=\"600\">\r\n                    <div class=\"content\">\r\n                        <table class=\"main\" width=\"100%\" cellpadding=\"0\" cellspacing=\"0\">\r\n                            <tr>\r\n                                <td class=\"alert alert-info\">\r\n                                    <img src=\"[LOGO]\" alt=\"LibraryCMS\">\r\n                                </td>\r\n                            </tr>\r\n                            <tr>\r\n                                <td class=\"content-wrap\">\r\n                                    <table width=\"100%\" cellpadding=\"0\" cellspacing=\"0\">\r\n                                        <tr>\r\n                                            <td class=\"content-block aligncenter pb-0\">\r\n                                                <h2>[FIRST_NAME] [LAST_NAME] Requested Books</h2>\r\n                                                <p>[REQUEST_DATE]</p>\r\n                                            </td>\r\n                                        </tr>\r\n                                        <tr>\r\n                                            <td class=\"content-block\">\r\n                                                [BOOKS]\r\n                                            </td>\r\n                                        </tr>\r\n                                    </table>\r\n                                </td>\r\n                            </tr>\r\n                        </table>\r\n                        <div class=\"footer\">\r\n                            <table width=\"100%\">\r\n                                <tr>\r\n                                    <td class=\"aligncenter content-block\"><a href=\"[SITE_LINK]\">[SITE_NAME]</a></td>\r\n                                </tr>\r\n                            </table>\r\n                        </div>\r\n                    </div>\r\n                </td>\r\n                <td></td>\r\n            </tr>\r\n        </table>\r\n    </body>\r\n</html>', 'requestCreate.tpl', '', '', '2017-10-31 13:08:05', '2017-11-16 11:37:11', b'1'),
(3, 'requestSetStatus', 1, 'Request Books [STATUS]', '<!DOCTYPE html PUBLIC \"-//W3C//DTD XHTML 1.0 Transitional//EN\" \"http://www.w3.org/TR/xhtml1/DTD/xhtml1-transitional.dtd\">\r\n<html xmlns=\"http://www.w3.org/1999/xhtml\">\r\n    <head>\r\n        <meta name=\"viewport\" content=\"width=device-width\"/>\r\n        <meta http-equiv=\"Content-Type\" content=\"text/html; charset=UTF-8\"/>\r\n        [STYLES_1]\r\n    </head>\r\n    <body>\r\n        <table class=\"body-wrap\">\r\n            <tr>\r\n                <td></td>\r\n                <td class=\"container\" width=\"600\">\r\n                    <div class=\"content\">\r\n                        <table class=\"main\" width=\"100%\" cellpadding=\"0\" cellspacing=\"0\">\r\n                            <tr>\r\n                                <td class=\"alert alert-info\">\r\n                                    <img src=\"[LOGO]\" alt=\"LibraryCMS\">\r\n                                </td>\r\n                            </tr>\r\n                            <tr>\r\n                                <td class=\"content-wrap\">\r\n                                    <table width=\"100%\" cellpadding=\"0\" cellspacing=\"0\">\r\n                                        <tr>\r\n                                            <td class=\"content-block aligncenter\">\r\n                                                <h2>[FIRST_NAME] [LAST_NAME]</h2>\r\n                                            </td>\r\n                                        </tr>\r\n                                        <tr>\r\n                                            <td class=\"content-block aligncenter\">\r\n                                                Your request ([REQUEST_DATE]) <strong>[STATUS]</strong>.\r\n                                            </td>\r\n                                        </tr>\r\n                                    </table>\r\n                                    [BOOKS]\r\n                                </td>\r\n                            </tr>\r\n                        </table>\r\n                        <div class=\"footer\">\r\n                            <table width=\"100%\">\r\n                                <tr>\r\n                                    <td class=\"aligncenter content-block\"><a href=\"[SITE_LINK]\">[SITE_NAME]</a></td>\r\n                                </tr>\r\n                            </table>\r\n                        </div>\r\n                    </div>\r\n                </td>\r\n                <td></td>\r\n            </tr>\r\n        </table>\r\n    </body>\r\n</html>', 'requestSetStatus.tpl', '', '', '2017-10-31 14:17:13', '2017-11-16 11:59:44', b'1');

-- --------------------------------------------------------

--
-- Table structure for table `Genres`
--

CREATE TABLE `Genres` (
  `id` int(11) UNSIGNED NOT NULL,
  `name` varchar(45) DEFAULT NULL
) ENGINE=InnoDB DEFAULT CHARSET=utf8;

-- --------------------------------------------------------

--
-- Table structure for table `Images`
--

CREATE TABLE `Images` (
  `id` int(10) UNSIGNED NOT NULL,
  `path` varchar(300) NOT NULL,
  `title` varchar(100) DEFAULT NULL,
  `uploadingDateTime` datetime DEFAULT NULL,
  `isGallery` bit(1) NOT NULL DEFAULT b'1',
  `isExternalLink` bit(1) DEFAULT b'0',
  `width` int(10) DEFAULT NULL COMMENT 'Image width',
  `height` int(10) DEFAULT NULL COMMENT 'Image height',
  `size` int(10) DEFAULT NULL COMMENT 'Image size in bytes'
) ENGINE=InnoDB DEFAULT CHARSET=utf8;

-- --------------------------------------------------------

--
-- Table structure for table `IssueLogs`
--

CREATE TABLE `IssueLogs` (
  `id` int(10) UNSIGNED NOT NULL COMMENT 'Order ID',
  `userId` int(10) UNSIGNED DEFAULT NULL COMMENT 'User that created order',
  `userFullName` varchar(100) DEFAULT NULL,
  `bookId` int(10) UNSIGNED DEFAULT NULL,
  `bookCopyId` int(10) UNSIGNED DEFAULT NULL,
  `bookTitle` varchar(255) DEFAULT NULL,
  `bookISBN` varchar(13) DEFAULT NULL,
  `bookSN` varchar(50) DEFAULT NULL,
  `requestId` int(10) UNSIGNED DEFAULT NULL,
  `requestStatus` enum('Pending','Accepted','Rejected') DEFAULT NULL,
  `requestNotes` longtext,
  `requestDateTime` datetime DEFAULT NULL,
  `requestAcceptRejectDateTime` datetime DEFAULT NULL,
  `issueId` int(10) UNSIGNED DEFAULT NULL,
  `issueDate` date DEFAULT NULL COMMENT 'Date of issue of the book',
  `expiryDate` date DEFAULT NULL COMMENT 'Expiration date - date when book should be returned',
  `returnDate` date DEFAULT NULL COMMENT 'Date of return of the book - real return date',
  `isLost` bit(1) DEFAULT b'0',
  `isIssueDeleted` bit(1) DEFAULT b'0',
  `penalty` decimal(10,2) DEFAULT '0.00',
  `updateDateTime` datetime NOT NULL
) ENGINE=InnoDB DEFAULT CHARSET=utf8;

-- --------------------------------------------------------

--
-- Table structure for table `Issues`
--

CREATE TABLE `Issues` (
  `id` int(10) UNSIGNED NOT NULL COMMENT 'Order ID',
  `userId` int(10) UNSIGNED NOT NULL COMMENT 'User that created order',
  `bookId` int(10) UNSIGNED NOT NULL,
  `bookCopyId` int(10) UNSIGNED NOT NULL,
  `requestId` int(10) UNSIGNED DEFAULT NULL,
  `issueDate` date NOT NULL COMMENT 'Date of issue of the book',
  `expiryDate` date NOT NULL COMMENT 'Expiration date - date when book should be returned',
  `returnDate` date DEFAULT NULL COMMENT 'Date of return of the book - real return date',
  `isLost` bit(1) NOT NULL DEFAULT b'0',
  `penalty` decimal(10,2) DEFAULT '0.00'
) ENGINE=InnoDB DEFAULT CHARSET=utf8;

-- --------------------------------------------------------

--
-- Table structure for table `Languages`
--

CREATE TABLE `Languages` (
  `id` int(11) UNSIGNED NOT NULL,
  `name` varchar(25) NOT NULL,
  `code` varchar(10) NOT NULL,
  `isActive` bit(1) NOT NULL DEFAULT b'0',
  `shortCode` varchar(2) NOT NULL,
  `isRTL` bit(1) NOT NULL DEFAULT b'0'
) ENGINE=InnoDB DEFAULT CHARSET=utf8;

--
-- Dumping data for table `Languages`
--

INSERT INTO `Languages` (`id`, `name`, `code`, `isActive`, `shortCode`, `isRTL`) VALUES
(1, 'English', 'en_US', b'1', 'us', b'0'),
(2, 'Russian', 'ru_RU', b'1', 'ru', b'0'),
(3, 'Spanish', 'es_ES', b'0', 'es', b'0'),
(4, 'Italian', 'it_IT', b'0', 'it', b'0'),
(5, 'French', 'fr_FR', b'0', 'fr', b'0'),
(6, 'German', 'de_DE', b'0', 'de', b'0'),
(7, 'Danish', 'da_DK', b'0', 'dk', b'0'),
(8, 'Portuguese', 'pt_PT', b'0', 'pt', b'0'),
(9, 'Japanese', 'ja_JP', b'0', 'jp', b'0'),
(10, 'Chinese', 'zh_CN', b'0', 'cn', b'0');

-- --------------------------------------------------------

--
-- Table structure for table `ListValues`
--

CREATE TABLE `ListValues` (
  `id` int(10) UNSIGNED NOT NULL,
  `fieldId` int(10) UNSIGNED NOT NULL,
  `value` varchar(45) NOT NULL
) ENGINE=InnoDB DEFAULT CHARSET=utf8;

-- --------------------------------------------------------

--
-- Table structure for table `Locations`
--

CREATE TABLE `Locations` (
  `id` int(10) UNSIGNED NOT NULL,
  `storeId` int(10) UNSIGNED NOT NULL,
  `name` varchar(45) DEFAULT NULL
) ENGINE=InnoDB DEFAULT CHARSET=utf8;

-- --------------------------------------------------------

--
-- Table structure for table `MenuItems`
--

CREATE TABLE `MenuItems` (
  `id` int(11) UNSIGNED NOT NULL,
  `menuId` int(11) UNSIGNED NOT NULL COMMENT 'ID of menu: 1 - main menu, 2 - left menu, etc.',
  `parentId` int(11) UNSIGNED NOT NULL COMMENT 'Parent menu item (0 - no parent)',
  `title` varchar(150) NOT NULL COMMENT 'Text to display on menu item',
  `pageId` int(11) UNSIGNED DEFAULT NULL COMMENT 'Use specified page as menu item (by pageId)',
  `postId` int(11) UNSIGNED DEFAULT NULL,
  `link` varchar(255) DEFAULT NULL COMMENT 'Link as menu item',
  `order` int(11) UNSIGNED DEFAULT NULL COMMENT 'Order number of menu item',
  `class` varchar(50) DEFAULT NULL COMMENT 'CSS class'
) ENGINE=InnoDB DEFAULT CHARSET=utf8;

--
-- Dumping data for table `MenuItems`
--

INSERT INTO `MenuItems` (`id`, `menuId`, `parentId`, `title`, `pageId`, `postId`, `link`, `order`, `class`) VALUES
(1, 1, 0, 'Study Material', NULL, NULL, '/books', 1, ''),
(3, 1, 0, 'Contact Us', 1, NULL, NULL, 2, '');

-- --------------------------------------------------------

--
-- Table structure for table `Menus`
--

CREATE TABLE `Menus` (
  `id` int(11) UNSIGNED NOT NULL,
  `name` varchar(100) NOT NULL COMMENT 'Menu name'
) ENGINE=InnoDB DEFAULT CHARSET=utf8;

--
-- Dumping data for table `Menus`
--

INSERT INTO `Menus` (`id`, `name`) VALUES
(1, 'Header Menu');

-- --------------------------------------------------------

--
-- Table structure for table `Pages`
--

CREATE TABLE `Pages` (
  `id` int(10) UNSIGNED NOT NULL,
  `parentId` int(10) UNSIGNED DEFAULT NULL,
  `userId` int(11) UNSIGNED NOT NULL,
  `url` varchar(300) DEFAULT NULL,
  `partialUrl` varchar(100) DEFAULT NULL,
  `title` varchar(100) DEFAULT NULL,
  `content` longtext,
  `metaTitle` varchar(200) DEFAULT NULL,
  `metaKeywords` varchar(250) DEFAULT NULL,
  `metaDescription` longtext,
  `imageId` int(11) UNSIGNED DEFAULT NULL,
  `status` enum('Publish','Future','Pending') DEFAULT 'Pending',
  `publishDateTime` datetime DEFAULT NULL,
  `shortDescription` varchar(100) DEFAULT NULL,
  `creationDateTime` datetime DEFAULT NULL,
  `updateDateTime` datetime DEFAULT NULL,
  `customTemplate` varchar(255) DEFAULT NULL
) ENGINE=InnoDB DEFAULT CHARSET=utf8;

--
-- Dumping data for table `Pages`
--

INSERT INTO `Pages` (`id`, `parentId`, `userId`, `url`, `partialUrl`, `title`, `content`, `metaTitle`, `metaKeywords`, `metaDescription`, `imageId`, `status`, `publishDateTime`, `shortDescription`, `creationDateTime`, `updateDateTime`, `customTemplate`) VALUES
(0, 0, 1, '', '', 'Main Page', NULL, 'Main Page', NULL, '', NULL, 'Publish', NULL, NULL, '2017-09-01 00:00:00', '2017-11-24 20:52:11', NULL),
(1, 0, 1, 'contact-us', 'contact-us', 'Contact Us', '<p class=\"MsoNormal\" style=\"text-align:justify;\"><span style=\"font-size:12pt;font-family:\'Source Sans Pro\', sans-serif;\"><b>Pulsans</b></span><span style=\"font-size:12pt;font-family:\'Source Sans Pro\', sans-serif;\"><b> Technology </b>is a 100% Tanzanian owned software\ntechnology company serving clientele across Africa. Over the years the founders\nof the company have taken a deep research on software, technology and supporting\nstrategies to help in the actualization of organization goals of small and\nmedium scale businesses and firms. In a conscious attempt to eliminate\nchallenges in our community and tie-in the gaps by developing software solutions\nthat is affordable to all, the company was born.</span></p><p></p>', 'Contact Us', NULL, NULL, NULL, 'Publish', '2017-09-20 11:33:00', NULL, '2017-10-31 18:32:04', '2019-12-14 20:24:24', 'custom/pages/contacts.tpl');

-- --------------------------------------------------------

--
-- Table structure for table `PasswordConfirmation`
--

CREATE TABLE `PasswordConfirmation` (
  `email` varchar(255) NOT NULL,
  `hash` varchar(255) NOT NULL,
  `validDateTime` datetime NOT NULL
) ENGINE=InnoDB DEFAULT CHARSET=utf8;

-- --------------------------------------------------------

--
-- Table structure for table `Permissions`
--

CREATE TABLE `Permissions` (
  `id` int(10) UNSIGNED NOT NULL,
  `routeName` varchar(50) NOT NULL,
  `routeTitle` varchar(100) DEFAULT NULL,
  `isPublic` bit(1) DEFAULT b'0'
) ENGINE=InnoDB DEFAULT CHARSET=utf8;

--
-- Dumping data for table `Permissions`
--

INSERT INTO `Permissions` (`id`, `routeName`, `routeTitle`, `isPublic`) VALUES
(63, 'pageIsNotFound', 'Page Is Not Found', b'1'),
(64, 'pageIsForbidden', 'Page Is Forbidden', b'1'),
(65, 'epicFail', 'Epic Fail', b'1'),
(66, 'imageGet', 'Image Get', b'1'),
(71, 'adminLogin', 'Admin Login', b'0'),
(72, 'adminLogout', 'Admin Logout', b'0'),
(73, 'passwordRecovery', 'Password Recovery', b'1'),
(74, 'passwordChange', 'Password Change', b'1'),
(81, 'imageResolutionCreate', 'Image Resolution Create', b'0'),
(82, 'imageResolutionEdit', 'Image Resolution Edit', b'0'),
(83, 'imageResolutionDelete', 'Image Resolution Delete', b'0'),
(84, 'imageDelete', 'Image Delete', b'0'),
(85, 'avatarUpload', 'Avatar Upload', b'0'),
(86, 'coverUpload', 'Cover Upload', b'0'),
(93, 'languageChange', 'Language Change', b'1'),
(100, 'authorPhotoUpload', 'Author Photo Upload', b'0'),
(115, 'bookSearchPublic', 'Search Book', b'1'),
(116, 'publisherBooksPublic', 'Publisher Books View Public Page', b'1'),
(117, 'publisherSearchPublic', 'Search Publisher', b'1'),
(118, 'seriesBooksPublic', 'Series Books View Public Page', b'1'),
(119, 'seriesSearchPublic', 'Search Series', b'1'),
(121, 'authorBooksPublic', 'Author Books View Public Page', b'1'),
(122, 'authorSearchPublic', 'Search Author', b'1'),
(123, 'genreBooksPublic', 'Genre Books View Public Page', b'1'),
(124, 'genreSearchPublic', 'Search Genre', b'1'),
(129, 'publicIndex', 'Public Index', b'1'),
(130, 'publicLogin', 'Public Login', b'1'),
(131, 'publicLogout', 'Public Logout', b'1'),
(132, 'adminIndex', 'Admin Index', b'0'),
(133, 'bookListView', 'Books List View', b'0'),
(134, 'bookCreate', 'Book Create', b'0'),
(135, 'bookEdit', 'Book Edit', b'0'),
(136, 'bookClone', 'Book Clone', b'0'),
(137, 'bookDelete', 'Book Delete', b'0'),
(138, 'bookSearch', 'Book Search', b'0'),
(139, 'userBooksView', 'User Books View', b'0'),
(140, 'issueListView', 'Issue List View', b'0'),
(141, 'issueCreate', 'Issue Create', b'0'),
(142, 'issueEdit', 'Issue Edit', b'0'),
(143, 'issueDelete', 'Issue Delete', b'0'),
(144, 'bookSetLost', 'Issued Book Set Returned', b'0'),
(145, 'bookSetReturned', 'Issued Book Set Returned', b'0'),
(146, 'requestedBookIssue', 'Issue Requested Book', b'0'),
(147, 'userIssuedBooksView', 'User Issued Books View', b'0'),
(148, 'smtpSettings', 'SMTP Settings', b'0'),
(149, 'emailNotificationListView', 'Email Notification List View', b'0'),
(150, 'emailNotificationCreate', 'Email Notification Create', b'0'),
(151, 'emailNotificationEdit', 'Email Notification Edit', b'0'),
(152, 'emailNotificationTest', 'Email Notification Test', b'0'),
(153, 'emailNotificationEnable', 'Email Notification Activate', b'0'),
(154, 'emailSend', 'Email Send', b'0'),
(155, 'requestListView', 'Request List View', b'0'),
(156, 'userRequestListView', 'User\"s Requests View', b'0'),
(157, 'requestCreate', 'Request Create', b'0'),
(158, 'requestEdit', 'Request Edit', b'0'),
(159, 'requestDelete', 'Request Delete', b'0'),
(160, 'requestSetStatus', 'Request Set Status', b'0'),
(161, 'userRequestedBooksView', 'User Requested Books View', b'0'),
(162, 'reviewListView', 'Review List View', b'0'),
(163, 'reviewCreate', 'Review Create', b'0'),
(164, 'reviewEdit', 'Review Edit', b'0'),
(165, 'reviewDelete', 'Review Delete', b'0'),
(166, 'postImageUpload', 'Post Image Upload', b'0'),
(167, 'pageImageUpload', 'Page Image Upload', b'0'),
(168, 'imageListView', 'Image List View', b'0'),
(169, 'imageOptionsView', 'Image Options View', b'0'),
(170, 'userListView', 'User List View', b'0'),
(171, 'userCreate', 'User Create', b'0'),
(172, 'userEdit', 'User Edit', b'0'),
(173, 'userDelete', 'User Delete', b'0'),
(174, 'userEmailCheck', 'User Email Check', b'0'),
(175, 'userPhotoUpload', 'User Photo Upload', b'0'),
(176, 'userSearch', 'User Search', b'0'),
(177, 'optionListView', 'Option List View', b'0'),
(178, 'languageListView', 'Language List View', b'0'),
(179, 'roleListView', 'Role List View', b'0'),
(180, 'roleCreate', 'Role Create', b'0'),
(181, 'roleEdit', 'Role Edit', b'0'),
(182, 'roleDelete', 'Role Delete', b'0'),
(183, 'permissionListUpdate', 'Permission List Update', b'0'),
(184, 'importCSV', 'Import CSV', b'0'),
(185, 'exportCSV', 'Export CSV', b'0'),
(186, 'importExport', 'Import/Export', b'0'),
(187, 'menuListView', 'Menu List View', b'0'),
(188, 'menuCreate', 'Menu Create', b'0'),
(189, 'menuEdit', 'Menu Edit', b'0'),
(190, 'menuDelete', 'Menu Delete', b'0'),
(191, 'menuItemsEdit', 'Menu Items Edit', b'0'),
(192, 'staticShortCodeListView', 'Static Short Code List View', b'0'),
(193, 'dynamicShortCodeListView', 'Dynamic Short Code List View', b'0'),
(194, 'postListView', 'Post List View', b'0'),
(195, 'postCreate', 'Post Create', b'0'),
(196, 'postEdit', 'Post Edit', b'0'),
(197, 'postDelete', 'Post Delete', b'0'),
(198, 'pageListView', 'Page List View', b'0'),
(199, 'pageCreate', 'Page Create', b'0'),
(200, 'pageEdit', 'Page Edit', b'0'),
(201, 'pageDelete', 'Page Delete', b'0'),
(202, 'userMessageListView', 'User Message List View', b'0'),
(203, 'userMessageDelete', 'User Message Delete', b'0'),
(204, 'userMessageSetViewed', 'User Message Set Viewed', b'0'),
(205, 'categoryListView', 'Category List View', b'0'),
(206, 'categoryCreate', 'Category Create', b'0'),
(207, 'categoryEdit', 'Post Edit', b'0'),
(208, 'categoryDelete', 'Post Delete', b'0'),
(209, 'authorListView', 'Author List View', b'0'),
(210, 'authorCreate', 'Author Create', b'0'),
(211, 'authorEdit', 'Author Edit', b'0'),
(212, 'authorDelete', 'Author Delete', b'0'),
(213, 'publisherListView', 'Publisher List View', b'0'),
(214, 'publisherCreate', 'Publisher Create', b'0'),
(215, 'publisherEdit', 'Publisher Edit', b'0'),
(216, 'publisherDelete', 'Publisher Delete', b'0'),
(217, 'seriesListView', 'Series List View', b'0'),
(218, 'seriesCreate', 'Series Create', b'0'),
(219, 'seriesEdit', 'Series Edit', b'0'),
(220, 'seriesDelete', 'Series Delete', b'0'),
(221, 'bookListViewPublic', 'Books List View Public', b'1'),
(222, 'bookViewPublic', 'Book View Public', b'1'),
(223, 'bookGoogleSearchPublic', 'Google Search Book', b'1'),
(224, 'bookByGoogleDataCreate', 'Book By Google Data Create', b'1'),
(225, 'authorListViewPublic', 'Author List View Public ', b'1'),
(226, 'genreListView', 'Genre List View', b'0'),
(227, 'genreCreate', 'Genre Create', b'0'),
(228, 'genreEdit', 'Genre Edit', b'0'),
(229, 'genreDelete', 'Genre Delete', b'0'),
(230, 'postListViewPublic', 'Post List View Public', b'1'),
(231, 'postListByCategoryViewPublic', 'Post List View By Category', b'1'),
(232, 'postSearchPublic', 'Post Search Public', b'1'),
(233, 'postAndPageSearchPublic', 'Posts And Pages Search Public', b'1'),
(234, 'pageSearchPublic', 'Pages Search Public', b'1'),
(235, 'postViewPublic', 'Post View Public', b'1'),
(236, 'pageViewPublic', 'Page View Public', b'1'),
(237, 'bookView', 'Book View', b'0'),
(238, 'userRegistration', 'Public User Registration', b'1'),
(239, 'emailConfirmation', 'Email Confirm', b'1'),
(240, 'emailSettings', 'Email Settings', b'0'),
(241, 'userSendEmail', 'User Email Send', b'0'),
(242, 'googleSettings', 'Google Settings', b'0'),
(243, 'siteViewOptionFileUpload', 'Site View Option File Upload', b'0'),
(244, 'siteViewOptionFileDelete', 'Site View Option File Delete', b'0'),
(245, 'userMessageCreate', 'User Message Create', b'0'),
(246, 'databaseSettings', 'Database Settings', b'0'),
(247, 'internalServerError', 'InternalServerError', b'1'),
(248, 'publicSessionReset', 'Session Reset', b'1'),
(249, 'sessionReset', 'Session Reset', b'0'),
(250, 'bookBulkDelete', 'Book Bulk Delete', b'0'),
(251, 'storeBooksView', 'Store Books View', b'0'),
(252, 'locationBooksView', 'Location Books View', b'0'),
(253, 'storeSearchPublic', 'Store Search', b'1'),
(254, 'locationSearchPublic', 'Location Search', b'1'),
(255, 'electronicBookUpload', 'eBook Upload', b'0'),
(256, 'electronicBookGet', 'eBook Get', b'1'),
(257, 'electronicBookView', 'eBook View', b'1'),
(258, 'electronicBookViewAdmin', 'eBook View', b'0'),
(259, 'electronicBookDelete', 'eBook Delete', b'0'),
(260, 'electronicBookListView', 'eBook List View', b'0'),
(261, 'storeListView', 'Store List View', b'0'),
(262, 'storeCreate', 'Store Create', b'0'),
(263, 'storeEdit', 'Store Edit', b'0'),
(264, 'storeDelete', 'Store Delete', b'0'),
(265, 'locationListView', 'Location List View', b'0'),
(266, 'locationCreate', 'Location Create', b'0'),
(267, 'locationEdit', 'Location Edit', b'0'),
(268, 'locationDelete', 'Location Delete', b'0'),
(269, 'bookBulkEdit', 'Book Bulk Edit', b'0'),
(270, 'bookBulkBarCodeGenerate', 'Book Bulk Bar Code Generate', b'0'),
(271, 'bookRatingSet', 'Book Rating Set', b'1'),
(272, 'reviewCreatePublic', 'Review Create', b'1'),
(273, 'themesListView', 'Themes', b'0'),
(274, 'themeActivate', 'Theme Activate', b'0'),
(275, 'sitemapGenerate', 'Generate Sitemap', b'0'),
(276, 'ldapSettings', 'LDAP Settings', b'0'),
(277, 'ldapTest', 'LDAP Test', b'0'),
(278, 'bindingListView', 'Binding List View', b'0'),
(279, 'bookSizeListView', 'Book Sizes List View', b'0'),
(280, 'bookTypeListView', 'Book Type List View', b'0'),
(281, 'physicalFormListView', 'Physical Form List View', b'0'),
(282, 'userProfile', 'Public User Profile', b'1'),
(283, 'socialAuth', 'Social Auth', b'1'),
(284, 'bookUrlGenerate', 'Book Url Generate', b'0'),
(285, 'bookUrlCheck', 'Book Url Check', b'1'),
(286, 'bookLayout', 'Book Layout', b'0'),
(287, 'bookVisibleFieldsForPublic', 'Book Visible Fields For Public', b'0'),
(288, 'bookCopyCreate', 'Book Copy Create', b'0'),
(289, 'bookCopyEdit', 'Book Copy Edit', b'0'),
(290, 'bookCopyDelete', 'Book Copy Delete', b'0'),
(291, 'bookSNCheck', 'BookSN Check', b'0'),
(292, 'bookFieldListView', 'Book Field List View', b'0'),
(293, 'bookFieldCreate', 'Book Field Create', b'0'),
(294, 'bookFieldEdit', 'Book Field Edit', b'0'),
(295, 'bookFieldDelete', 'Book Field Delete', b'0'),
(296, 'bookFieldCheck', 'Book Field Check', b'0'),
(297, 'issueLogListView', 'Issue Log List View', b'0'),
(298, 'bookIssueLogListView', 'Book Issue Log List View', b'0'),
(299, 'issueCreatePublic', 'Issue Create Public', b'1'),
(300, 'bookSetLostPublic', 'Issued Book Set Lost Public', b'1'),
(301, 'bookSetReturnedPublic', 'Issued Book Set Returned Public', b'1'),
(302, 'bookImageUpload', 'Book Image Upload', b'0'),
(303, 'imageDeletePublic', 'Image Delete Public', b'1'),
(304, 'colorSchemaActivate', 'Color Schema Activate', b'0'),
(305, 'socialNetworkSettings', 'Social Network Settings', b'0'),
(306, 'smsSettings', 'SMS Settings', b'0'),
(307, 'smsSend', 'SMS Send', b'0'),
(308, 'smsGetBalance', 'SMS Get Balance', b'0'),
(309, 'bookGoogleSearchByIsbnPublic', 'Google Search Book By ISBN', b'1'),
(310, 'bookByGoogleDataGet', 'Book By Google Data Get', b'1'),
(311, 'tagBooksPublic', 'Tag Books View Public', b'1'),
(312, 'tagSearchPublic', 'Tag Search', b'1'),
(313, 'envatoLicenseVerificationPublic', 'Envato License Verification', b'1'),
(314, 'tagListView', 'Tag List View', b'0'),
(315, 'tagCreate', 'Tag Create', b'0'),
(316, 'tagEdit', 'Tag Edit', b'0'),
(317, 'tagDelete', 'Tag Delete', b'0'),
(318, 'bookViewViaUrlPublic', 'Book View Public via URL', b'1');

-- --------------------------------------------------------

--
-- Table structure for table `PhysicalForms`
--

CREATE TABLE `PhysicalForms` (
  `id` int(10) UNSIGNED NOT NULL,
  `name` varchar(45) NOT NULL
) ENGINE=InnoDB DEFAULT CHARSET=utf8;

--
-- Dumping data for table `PhysicalForms`
--

INSERT INTO `PhysicalForms` (`id`, `name`) VALUES
(1, 'Book'),
(2, 'CD/DVD'),
(3, 'Journal'),
(4, 'Manuscript'),
(5, 'Other');

-- --------------------------------------------------------

--
-- Table structure for table `PostCategories`
--

CREATE TABLE `PostCategories` (
  `postId` int(10) UNSIGNED NOT NULL,
  `categoryId` int(10) UNSIGNED NOT NULL
) ENGINE=InnoDB DEFAULT CHARSET=utf8;

-- --------------------------------------------------------

--
-- Table structure for table `Posts`
--

CREATE TABLE `Posts` (
  `id` int(10) UNSIGNED NOT NULL,
  `userId` int(11) UNSIGNED NOT NULL,
  `url` varchar(300) NOT NULL,
  `title` varchar(100) DEFAULT NULL,
  `secondTitle` varchar(100) DEFAULT NULL,
  `shortDescription` varchar(250) DEFAULT NULL,
  `content` longtext,
  `metaTitle` varchar(200) DEFAULT NULL,
  `metaKeywords` varchar(250) DEFAULT NULL,
  `metaDescription` longtext,
  `imageId` int(11) UNSIGNED DEFAULT NULL,
  `status` enum('Publish','Future','Pending') DEFAULT 'Pending',
  `publishDateTime` datetime DEFAULT NULL,
  `creationDateTime` datetime DEFAULT NULL,
  `updateDateTime` datetime DEFAULT NULL
) ENGINE=InnoDB DEFAULT CHARSET=utf8;

--
-- Dumping data for table `Posts`
--

INSERT INTO `Posts` (`id`, `userId`, `url`, `title`, `secondTitle`, `shortDescription`, `content`, `metaTitle`, `metaKeywords`, `metaDescription`, `imageId`, `status`, `publishDateTime`, `creationDateTime`, `updateDateTime`) VALUES
(0, 1, '', 'Blog', 'Library CMS Blog', '', '', 'Library CMS Blog', '', '', 0, 'Publish', '2016-06-06 00:00:00', '2016-06-06 00:00:00', '2016-06-30 00:04:29');

-- --------------------------------------------------------

--
-- Table structure for table `Publishers`
--

CREATE TABLE `Publishers` (
  `id` int(11) UNSIGNED NOT NULL,
  `name` varchar(45) DEFAULT NULL,
  `description` longtext
) ENGINE=InnoDB DEFAULT CHARSET=utf8;

-- --------------------------------------------------------

--
-- Table structure for table `Requests`
--

CREATE TABLE `Requests` (
  `id` int(10) UNSIGNED NOT NULL COMMENT 'Request ID',
  `userId` int(10) UNSIGNED NOT NULL COMMENT 'User that create request',
  `bookId` int(10) UNSIGNED NOT NULL,
  `status` enum('Pending','Accepted','Rejected') NOT NULL DEFAULT 'Pending' COMMENT 'Current request status',
  `notes` longtext COMMENT 'Request notes',
  `creationDate` date NOT NULL COMMENT 'Request creation date'
) ENGINE=InnoDB DEFAULT CHARSET=utf8;

-- --------------------------------------------------------

--
-- Table structure for table `Reviews`
--

CREATE TABLE `Reviews` (
  `id` int(10) UNSIGNED NOT NULL COMMENT 'Review ID',
  `userId` int(10) UNSIGNED DEFAULT NULL COMMENT 'User that created this review',
  `bookId` int(10) UNSIGNED NOT NULL,
  `text` longtext COMMENT 'Content of review',
  `email` varchar(150) DEFAULT NULL,
  `name` varchar(200) DEFAULT NULL,
  `isPublish` bit(1) NOT NULL DEFAULT b'0',
  `creationDateTime` datetime NOT NULL
) ENGINE=InnoDB DEFAULT CHARSET=utf8;

-- --------------------------------------------------------

--
-- Table structure for table `RolePermissions`
--

CREATE TABLE `RolePermissions` (
  `roleId` int(10) UNSIGNED NOT NULL,
  `permissionId` int(10) UNSIGNED NOT NULL
) ENGINE=InnoDB DEFAULT CHARSET=utf8;

--
-- Dumping data for table `RolePermissions`
--

INSERT INTO `RolePermissions` (`roleId`, `permissionId`) VALUES
(3, 139),
(3, 147),
(3, 161),
(3, 157),
(3, 156),
(2, 132),
(2, 71),
(2, 72),
(2, 210),
(2, 212),
(2, 211),
(2, 209),
(2, 100),
(2, 85),
(2, 136),
(2, 134),
(2, 137),
(2, 135),
(2, 138),
(2, 133),
(2, 206),
(2, 205),
(2, 86),
(2, 227),
(2, 229),
(2, 228),
(2, 226),
(2, 84),
(2, 168),
(2, 141),
(2, 143),
(2, 142),
(2, 140),
(2, 146),
(2, 144),
(2, 145),
(2, 188),
(2, 190),
(2, 189),
(2, 191),
(2, 187),
(2, 199),
(2, 201),
(2, 200),
(2, 167),
(2, 198),
(2, 195),
(2, 197),
(2, 208),
(2, 196),
(2, 207),
(2, 166),
(2, 194),
(2, 214),
(2, 216),
(2, 215),
(2, 213),
(2, 157),
(2, 159),
(2, 158),
(2, 155),
(2, 160),
(2, 218),
(2, 220),
(2, 219),
(2, 217),
(2, 139),
(2, 171),
(2, 173),
(2, 172),
(2, 174),
(2, 147),
(2, 170),
(2, 203),
(2, 202),
(2, 204),
(2, 175),
(2, 161),
(2, 176),
(2, 156),
(2, 237),
(3, 172),
(3, 175),
(2, 241),
(2, 245),
(3, 159),
(2, 259),
(2, 260),
(2, 255),
(2, 258),
(2, 266),
(2, 268),
(2, 267),
(2, 265),
(2, 251),
(2, 262),
(2, 263),
(2, 261),
(2, 250),
(2, 264),
(2, 252),
(2, 270),
(2, 269),
(2, 163),
(2, 165),
(2, 164),
(2, 162),
(2, 288),
(2, 290),
(2, 289),
(2, 291),
(2, 297),
(2, 307),
(2, 315),
(2, 317),
(2, 316),
(2, 314);

-- --------------------------------------------------------

--
-- Table structure for table `Roles`
--

CREATE TABLE `Roles` (
  `id` int(10) UNSIGNED NOT NULL,
  `name` varchar(50) NOT NULL COMMENT 'Name of role',
  `issueDayLimit` int(3) NOT NULL COMMENT 'Issue day limitation',
  `issueBookLimit` int(3) NOT NULL COMMENT 'Issue book limitation',
  `finePerDay` decimal(10,2) NOT NULL COMMENT 'Fine per day after late book return',
  `priority` tinyint(3) UNSIGNED NOT NULL DEFAULT '0'
) ENGINE=InnoDB DEFAULT CHARSET=utf8;

--
-- Dumping data for table `Roles`
--

INSERT INTO `Roles` (`id`, `name`, `issueDayLimit`, `issueBookLimit`, `finePerDay`, `priority`) VALUES
(1, 'Admin', 14, 5, '30.00', 255),
(2, 'Librarian', 30, 30, '35.00', 200),
(3, 'Member', 15, 15, '15.00', 100);

-- --------------------------------------------------------

--
-- Table structure for table `Series`
--

CREATE TABLE `Series` (
  `id` int(11) UNSIGNED NOT NULL,
  `name` varchar(45) DEFAULT NULL,
  `isComplete` bit(1) NOT NULL DEFAULT b'0'
) ENGINE=InnoDB DEFAULT CHARSET=utf8;

-- --------------------------------------------------------

--
-- Table structure for table `StaticShortCodes`
--

CREATE TABLE `StaticShortCodes` (
  `id` int(11) UNSIGNED NOT NULL,
  `code` varchar(45) DEFAULT NULL,
  `value` mediumtext,
  `isLongText` bit(1) DEFAULT NULL
) ENGINE=InnoDB DEFAULT CHARSET=utf8;

--
-- Dumping data for table `StaticShortCodes`
--

INSERT INTO `StaticShortCodes` (`id`, `code`, `value`, `isLongText`) VALUES
(1, 'LOGO', 'http://library.cms/resources/images/logo-light.png', b'0'),
(2, 'SITE_LINK', 'http://library.cms', b'0'),
(3, 'SITE_NAME', 'Library CMS', b'0'),
(4, 'STYLES_1', '<style>\r\n* {\r\n	margin: 0;\r\n	font-family: \"Helvetica Neue\", Helvetica, Arial, sans-serif;\r\n	box-sizing: border-box;\r\n	font-size: 14px;\r\n}\r\nimg {\r\n	max-width: 100%;\r\n}\r\nbody {\r\n	-webkit-font-smoothing: antialiased;\r\n	-webkit-text-size-adjust: none;\r\n	width: 100% !important;\r\n	height: 100%;\r\n	line-height: 1.6em;\r\n}\r\ntable td {\r\n	vertical-align: top;\r\n}\r\n.table-bordered {\r\n}\r\n.table-bordered thead th, .table-bordered th {\r\n	font-size: 11px;\r\n	text-transform: uppercase;\r\n	font-weight: 700;\r\n	color: #17202D;\r\n	vertical-align: bottom;\r\n	text-align: left;\r\n}\r\n.table-bordered td, .table-bordered th {\r\n	border: 1px solid #e9ecef;\r\n	padding: 5px;\r\n}\r\nbody {\r\n	background-color: #f6f6f6;\r\n}\r\n.body-wrap {\r\n	background-color: #f6f6f6;\r\n	width: 100%;\r\n}\r\n.container {\r\n	display: block !important;\r\n	max-width: 600px !important;\r\n	margin: 0 auto !important;\r\n	clear: both !important;\r\n}\r\n.content {\r\n	max-width: 600px;\r\n	margin: 0 auto;\r\n	display: block;\r\n	padding: 20px 0;\r\n}\r\n.main {\r\n	background-color: #fff;\r\n	border: 1px solid #e9e9e9;\r\n	border-radius: 3px;\r\n	color: #a7b1b6;\r\n}\r\n.content-wrap {\r\n	padding: 20px;\r\n}\r\n.content-block {\r\n	padding: 0 0 20px;\r\n}\r\n.header {\r\n	width: 100%;\r\n	margin-bottom: 20px;\r\n}\r\n.footer {\r\n	width: 100%;\r\n	clear: both;\r\n	color: #999;\r\n	padding: 20px;\r\n}\r\n.footer p, .footer a, .footer td {\r\n	color: #999;\r\n	font-size: 12px;\r\n}\r\nh1, h2, h3 {\r\n	font-family: \"Helvetica Neue\", Helvetica, Arial, \"Lucida Grande\", sans-serif;\r\n	color: #000;\r\n	line-height: 1.2em;\r\n	font-weight: 400;\r\n}\r\nh1 {\r\n	font-size: 32px;\r\n	font-weight: 500;\r\n}\r\nh2 {\r\n	font-size: 24px;\r\n}\r\nh3 {\r\n	font-size: 18px;\r\n}\r\nh4 {\r\n	font-size: 14px;\r\n	font-weight: 600;\r\n}\r\np, ul, ol {\r\n	margin-bottom: 10px;\r\n	font-weight: normal;\r\n}\r\np li, ul li, ol li {\r\n	margin-left: 5px;\r\n	list-style-position: inside;\r\n}\r\na {\r\n	color: #008EEE;\r\n	text-decoration: underline;\r\n}\r\n.btn-primary {\r\n	text-decoration: none;\r\n	color: #FFF;\r\n	background-color: #008EEE;\r\n	border: solid #008EEE;\r\n	border-width: 10px 20px;\r\n	line-height: 2em;\r\n	font-weight: bold;\r\n	text-align: center;\r\n	cursor: pointer;\r\n	display: inline-block;\r\n	border-radius: 5px;\r\n	text-transform: capitalize;\r\n}\r\n.pb-0 {\r\n	padding-bottom: 0;\r\n}\r\n.last {\r\n	margin-bottom: 0;\r\n}\r\n.first {\r\n	margin-top: 0;\r\n}\r\n.aligncenter {\r\n	text-align: center !important;\r\n}\r\n.alignright {\r\n	text-align: right;\r\n}\r\n.alignleft {\r\n	text-align: left;\r\n}\r\n.clear {\r\n	clear: both;\r\n}\r\n.alert {\r\n	font-size: 16px;\r\n	color: #fff;\r\n	font-weight: 500;\r\n	padding: 20px;\r\n	text-align: center;\r\n	border-radius: 3px 3px 0 0;\r\n}\r\n.alert a {\r\n	color: #fff;\r\n	text-decoration: none;\r\n	font-weight: 500;\r\n	font-size: 16px;\r\n}\r\n.alert.alert-warning {\r\n	background-color: #FF9F00;\r\n}\r\n.alert.alert-bad {\r\n	background-color: #D0021B;\r\n}\r\n.alert.alert-good {\r\n	background-color: #68B90F;\r\n}\r\n.alert.alert-info {\r\n	background-color: #008EEE;\r\n}\r\n.invoice {\r\n	margin: 40px auto;\r\n	text-align: left;\r\n	width: 80%;\r\n}\r\n.invoice td {\r\n	padding: 5px 0;\r\n}\r\n.invoice .invoice-items {\r\n	width: 100%;\r\n}\r\n.invoice .invoice-items td {\r\n	border-top: #eee 1px solid;\r\n}\r\n.invoice .invoice-items .total td {\r\n	border-top: 2px solid #333;\r\n	border-bottom: 2px solid #333;\r\n	font-weight: 700;\r\n}\r\n@media only screen and (max-width: 640px) {\r\n	body {\r\n		padding: 0 !important;\r\n	}\r\n	h1, h2, h3, h4 {\r\n		font-weight: 800 !important;\r\n		margin: 20px 0 5px !important;\r\n	}\r\n	h1 {\r\n		font-size: 22px !important;\r\n	}\r\n	h2 {\r\n		font-size: 18px !important;\r\n	}\r\n	h3 {\r\n		font-size: 16px !important;\r\n	}\r\n	.container {\r\n		padding: 0 !important;\r\n		width: 100% !important;\r\n	}\r\n	.content {\r\n		padding: 0 !important;\r\n	}\r\n	.content-wrap {\r\n		padding: 10px !important;\r\n	}\r\n	.invoice {\r\n		width: 100% !important;\r\n	}\r\n}\r\n</style>', b'0');

-- --------------------------------------------------------

--
-- Table structure for table `Stores`
--

CREATE TABLE `Stores` (
  `id` int(10) UNSIGNED NOT NULL,
  `name` varchar(45) DEFAULT NULL
) ENGINE=InnoDB DEFAULT CHARSET=utf8;

-- --------------------------------------------------------

--
-- Table structure for table `Tags`
--

CREATE TABLE `Tags` (
  `id` int(10) UNSIGNED NOT NULL,
  `name` varchar(45) DEFAULT NULL,
  `description` varchar(100) DEFAULT NULL
) ENGINE=InnoDB DEFAULT CHARSET=utf8;

--
-- Dumping data for table `Tags`
--

INSERT INTO `Tags` (`id`, `name`, `description`) VALUES
(4, 'Notes', NULL),
(5, 'Past paper', NULL);

-- --------------------------------------------------------

--
-- Table structure for table `UserMessages`
--

CREATE TABLE `UserMessages` (
  `id` int(10) UNSIGNED NOT NULL,
  `name` varchar(150) DEFAULT NULL,
  `email` varchar(150) DEFAULT NULL,
  `subject` varchar(100) DEFAULT NULL,
  `message` longtext,
  `url` varchar(250) DEFAULT NULL,
  `creationDate` datetime DEFAULT NULL,
  `isViewed` bit(1) DEFAULT b'0'
) ENGINE=InnoDB DEFAULT CHARSET=utf8;

-- --------------------------------------------------------

--
-- Table structure for table `Users`
--

CREATE TABLE `Users` (
  `id` int(11) UNSIGNED NOT NULL,
  `roleId` int(11) UNSIGNED NOT NULL COMMENT 'User''s role ID',
  `photoId` int(10) UNSIGNED DEFAULT NULL COMMENT 'Id of user''s photo',
  `email` varchar(50) DEFAULT NULL,
  `password` varchar(200) DEFAULT NULL,
  `firstName` varchar(50) DEFAULT NULL,
  `middleName` varchar(50) DEFAULT NULL,
  `lastName` varchar(50) DEFAULT NULL,
  `isActive` bit(1) NOT NULL DEFAULT b'1' COMMENT 'Is user active or not?',
  `isLdapUser` bit(1) NOT NULL DEFAULT b'0',
  `phone` varchar(45) DEFAULT NULL COMMENT 'User''s phone',
  `address` varchar(500) DEFAULT NULL COMMENT 'User''s address',
  `gender` enum('Male','Female') DEFAULT 'Male' COMMENT 'User''s gender',
  `birthday` date DEFAULT NULL,
  `provider` varchar(15) DEFAULT NULL,
  `socialId` varchar(50) DEFAULT NULL,
  `socialPage` varchar(255) DEFAULT NULL,
  `creationDateTime` datetime NOT NULL,
  `updateDateTime` datetime NOT NULL
) ENGINE=InnoDB DEFAULT CHARSET=utf8;

--
-- Dumping data for table `Users`
--

INSERT INTO `Users` (`id`, `roleId`, `photoId`, `email`, `password`, `firstName`, `middleName`, `lastName`, `isActive`, `isLdapUser`, `phone`, `address`, `gender`, `birthday`, `provider`, `socialId`, `socialPage`, `creationDateTime`, `updateDateTime`) VALUES
(1, 1, NULL, 'admin@pulsans.com', '$2y$10$ZDhiY2NhNjIxZWMyOTc1NOP0T.fRReko/NVMVPUAukQVTbDdJK5CC', NULL, NULL, NULL, b'1', b'0', NULL, NULL, NULL, NULL, NULL, NULL, NULL, '2017-01-01 00:00:00', '2019-12-14 10:20:44');

--
-- Indexes for dumped tables
--

--
-- Indexes for table `Authors`
--
ALTER TABLE `Authors`
  ADD PRIMARY KEY (`id`),
  ADD UNIQUE KEY `id_UNIQUE` (`id`),
  ADD KEY `AUTHOR_PHOTO_idx` (`photoId`),
  ADD KEY `AUTHOR_FIRSTNAME` (`firstName`) USING BTREE,
  ADD KEY `AUTHOR_LASTNAME` (`lastName`) USING BTREE,
  ADD KEY `AUTHOR_MIDDLENAME` (`middleName`) USING BTREE;

--
-- Indexes for table `Bindings`
--
ALTER TABLE `Bindings`
  ADD PRIMARY KEY (`id`),
  ADD UNIQUE KEY `id_UNIQUE` (`id`),
  ADD UNIQUE KEY `name_UNIQUE` (`name`);

--
-- Indexes for table `BookAuthors`
--
ALTER TABLE `BookAuthors`
  ADD KEY `BOOKAUTHOR_BOOK_idx` (`bookId`),
  ADD KEY `BOOKAUTHOR_AUTHOR_idx` (`authorId`),
  ADD KEY `BOOK_AUTHOR_idx` (`authorId`,`bookId`);

--
-- Indexes for table `BookCopies`
--
ALTER TABLE `BookCopies`
  ADD PRIMARY KEY (`id`),
  ADD UNIQUE KEY `id_UNIQUE` (`id`),
  ADD UNIQUE KEY `bookSN_UNIQUE` (`bookSN`),
  ADD KEY `BOOKCOPIES_BOOKS_idx` (`bookId`);

--
-- Indexes for table `BookFields`
--
ALTER TABLE `BookFields`
  ADD PRIMARY KEY (`id`),
  ADD UNIQUE KEY `id_UNIQUE` (`id`),
  ADD UNIQUE KEY `name_UNIQUE` (`name`);

--
-- Indexes for table `BookGenres`
--
ALTER TABLE `BookGenres`
  ADD KEY `BOOKGENRE_BOOK_idx` (`bookId`),
  ADD KEY `BOOKGENRE_GENRE_idx` (`genreId`);

--
-- Indexes for table `BookImages`
--
ALTER TABLE `BookImages`
  ADD KEY `BOOKIMAGES_BOOK_idx` (`bookId`),
  ADD KEY `BOOKIMAGES_IMAGE_idx` (`imageId`);

--
-- Indexes for table `BookLocations`
--
ALTER TABLE `BookLocations`
  ADD KEY `STORELOCATION_LOCATION_idx` (`locationId`),
  ADD KEY `BOOKLOCATION_BOOK_idx` (`bookId`);

--
-- Indexes for table `BookRatings`
--
ALTER TABLE `BookRatings`
  ADD PRIMARY KEY (`id`),
  ADD UNIQUE KEY `id_UNIQUE` (`id`),
  ADD KEY `BOOKRATINGS_BOOK_idx` (`bookId`),
  ADD KEY `BOOKRATINGS_USER_idx` (`userId`);

--
-- Indexes for table `BookReviews`
--
ALTER TABLE `BookReviews`
  ADD KEY `BOOKREWIES_BOOK_idx` (`bookId`),
  ADD KEY `BOOKREVIEWS_REVIEW_idx` (`reviewId`);

--
-- Indexes for table `Books`
--
ALTER TABLE `Books`
  ADD PRIMARY KEY (`id`),
  ADD UNIQUE KEY `id_UNIQUE` (`id`),
  ADD UNIQUE KEY `url_UNIQUE` (`url`),
  ADD KEY `BOOK_IMAGE_idx` (`coverId`),
  ADD KEY `BOOK_SERIES_idx` (`seriesId`),
  ADD KEY `BOOK_PUBLISHER_idx` (`publisherId`),
  ADD KEY `BOOK_EBOOK_idx` (`eBookId`),
  ADD KEY `BOOK_ISBN10` (`ISBN10`) USING BTREE,
  ADD KEY `BOOK_RATING` (`rating`) USING BTREE,
  ADD KEY `BOOK_UPDATE` (`updateDateTime`) USING BTREE,
  ADD KEY `BOOK_CREATE` (`creationDateTime`) USING BTREE,
  ADD KEY `BOOK_TITLE` (`title`) USING BTREE,
  ADD KEY `BOOK_ISBN13` (`ISBN13`) USING BTREE;

--
-- Indexes for table `BookSizes`
--
ALTER TABLE `BookSizes`
  ADD PRIMARY KEY (`id`),
  ADD UNIQUE KEY `id_UNIQUE` (`id`),
  ADD UNIQUE KEY `name_UNIQUE` (`name`);

--
-- Indexes for table `BookStores`
--
ALTER TABLE `BookStores`
  ADD KEY `BOOKSTORE_BOOK_idx` (`bookId`),
  ADD KEY `BOOKSTORE_STORE_idx` (`storeId`);

--
-- Indexes for table `BookTags`
--
ALTER TABLE `BookTags`
  ADD KEY `BOOKTAGS_BOOK_idx` (`bookId`),
  ADD KEY `BOOKTAGS_TAG_idx` (`tagId`);

--
-- Indexes for table `BookTypes`
--
ALTER TABLE `BookTypes`
  ADD PRIMARY KEY (`id`),
  ADD UNIQUE KEY `id_UNIQUE` (`id`),
  ADD UNIQUE KEY `name_UNIQUE` (`name`);

--
-- Indexes for table `Categories`
--
ALTER TABLE `Categories`
  ADD PRIMARY KEY (`id`),
  ADD UNIQUE KEY `id_UNIQUE` (`id`),
  ADD UNIQUE KEY `name_UNIQUE` (`name`),
  ADD UNIQUE KEY `url_UNIQUE` (`url`);

--
-- Indexes for table `DatabaseVersion`
--
ALTER TABLE `DatabaseVersion`
  ADD PRIMARY KEY (`version`),
  ADD UNIQUE KEY `version_UNIQUE` (`version`);

--
-- Indexes for table `DynamicShortCodes`
--
ALTER TABLE `DynamicShortCodes`
  ADD PRIMARY KEY (`id`),
  ADD UNIQUE KEY `id_UNIQUE` (`id`),
  ADD UNIQUE KEY `code_UNIQUE` (`code`);

--
-- Indexes for table `ElectronicBooks`
--
ALTER TABLE `ElectronicBooks`
  ADD PRIMARY KEY (`id`),
  ADD UNIQUE KEY `eBooks_UNIQUE` (`id`);

--
-- Indexes for table `EmailNotifications`
--
ALTER TABLE `EmailNotifications`
  ADD PRIMARY KEY (`id`),
  ADD UNIQUE KEY `routeName_UNIQUE` (`route`),
  ADD UNIQUE KEY `id_UNIQUE` (`id`);

--
-- Indexes for table `Genres`
--
ALTER TABLE `Genres`
  ADD PRIMARY KEY (`id`),
  ADD UNIQUE KEY `id_UNIQUE` (`id`);

--
-- Indexes for table `Images`
--
ALTER TABLE `Images`
  ADD PRIMARY KEY (`id`),
  ADD UNIQUE KEY `id_UNIQUE` (`id`);

--
-- Indexes for table `IssueLogs`
--
ALTER TABLE `IssueLogs`
  ADD PRIMARY KEY (`id`),
  ADD UNIQUE KEY `id_UNIQUE` (`id`),
  ADD UNIQUE KEY `requestId_UNIQUE` (`requestId`),
  ADD UNIQUE KEY `issueId_UNIQUE` (`issueId`),
  ADD KEY `BOOK_ID_idx` (`bookId`),
  ADD KEY `UPDATE_DATE_TIME` (`updateDateTime`);

--
-- Indexes for table `Issues`
--
ALTER TABLE `Issues`
  ADD PRIMARY KEY (`id`),
  ADD UNIQUE KEY `id_UNIQUE` (`id`),
  ADD KEY `ISSUE_USER_idx` (`userId`),
  ADD KEY `ISSUE_BOOK_idx` (`bookId`),
  ADD KEY `ISSUE_REQUEST_idx` (`requestId`),
  ADD KEY `ISSUE_BOOKCOPY_idx` (`bookCopyId`);

--
-- Indexes for table `Languages`
--
ALTER TABLE `Languages`
  ADD PRIMARY KEY (`id`),
  ADD UNIQUE KEY `id_UNIQUE` (`id`),
  ADD UNIQUE KEY `code_UNIQUE` (`code`);

--
-- Indexes for table `ListValues`
--
ALTER TABLE `ListValues`
  ADD PRIMARY KEY (`id`),
  ADD UNIQUE KEY `id_UNIQUE` (`id`),
  ADD KEY `LISTVALUES_BOOKFIELDS_idx` (`fieldId`);

--
-- Indexes for table `Locations`
--
ALTER TABLE `Locations`
  ADD PRIMARY KEY (`id`),
  ADD UNIQUE KEY `id_UNIQUE` (`id`),
  ADD KEY `LOCATION_STORE_idx` (`storeId`);

--
-- Indexes for table `MenuItems`
--
ALTER TABLE `MenuItems`
  ADD PRIMARY KEY (`id`,`menuId`),
  ADD KEY `MENUITEM_MENU_idx` (`menuId`);

--
-- Indexes for table `Menus`
--
ALTER TABLE `Menus`
  ADD PRIMARY KEY (`id`),
  ADD UNIQUE KEY `id_UNIQUE` (`id`);

--
-- Indexes for table `Pages`
--
ALTER TABLE `Pages`
  ADD PRIMARY KEY (`id`),
  ADD UNIQUE KEY `id_UNIQUE` (`id`),
  ADD UNIQUE KEY `url_UNIQUE` (`url`(255)),
  ADD KEY `PAGE_USER_idx` (`userId`);

--
-- Indexes for table `PasswordConfirmation`
--
ALTER TABLE `PasswordConfirmation`
  ADD PRIMARY KEY (`email`),
  ADD UNIQUE KEY `email_UNIQUE` (`email`),
  ADD UNIQUE KEY `hash_UNIQUE` (`hash`);

--
-- Indexes for table `Permissions`
--
ALTER TABLE `Permissions`
  ADD PRIMARY KEY (`id`),
  ADD UNIQUE KEY `routeName_UNIQUE` (`routeName`),
  ADD UNIQUE KEY `id_UNIQUE` (`id`);

--
-- Indexes for table `PhysicalForms`
--
ALTER TABLE `PhysicalForms`
  ADD PRIMARY KEY (`id`),
  ADD UNIQUE KEY `id_UNIQUE` (`id`),
  ADD UNIQUE KEY `name_UNIQUE` (`name`);

--
-- Indexes for table `PostCategories`
--
ALTER TABLE `PostCategories`
  ADD KEY `POSTCATEGORIES_POST_idx` (`postId`),
  ADD KEY `POSTCATEGORIES_CATEGORY___idx` (`categoryId`);

--
-- Indexes for table `Posts`
--
ALTER TABLE `Posts`
  ADD PRIMARY KEY (`id`),
  ADD UNIQUE KEY `id_UNIQUE` (`id`),
  ADD UNIQUE KEY `url_UNIQUE` (`url`(255)),
  ADD KEY `POST_USER_idx` (`userId`);

--
-- Indexes for table `Publishers`
--
ALTER TABLE `Publishers`
  ADD PRIMARY KEY (`id`),
  ADD UNIQUE KEY `id_UNIQUE` (`id`),
  ADD KEY `PUBLISHER_NAME` (`name`) USING BTREE;

--
-- Indexes for table `Requests`
--
ALTER TABLE `Requests`
  ADD PRIMARY KEY (`id`),
  ADD UNIQUE KEY `id_UNIQUE` (`id`),
  ADD KEY `REQUEST_USER_idx` (`userId`),
  ADD KEY `REQUEST_BOOK_idx` (`bookId`);

--
-- Indexes for table `Reviews`
--
ALTER TABLE `Reviews`
  ADD PRIMARY KEY (`id`),
  ADD UNIQUE KEY `Id_UNIQUE` (`id`),
  ADD KEY `REVIEW_USER_idx` (`userId`),
  ADD KEY `REVIEW_BOOK_idx` (`bookId`);

--
-- Indexes for table `RolePermissions`
--
ALTER TABLE `RolePermissions`
  ADD KEY `ROLEPERMISSION_PERMISSION` (`permissionId`),
  ADD KEY `ROLEPERMISSION_ROLE` (`roleId`);

--
-- Indexes for table `Roles`
--
ALTER TABLE `Roles`
  ADD PRIMARY KEY (`id`),
  ADD UNIQUE KEY `name_UNIQUE` (`name`),
  ADD UNIQUE KEY `id_UNIQUE` (`id`);

--
-- Indexes for table `Series`
--
ALTER TABLE `Series`
  ADD PRIMARY KEY (`id`),
  ADD UNIQUE KEY `id_UNIQUE` (`id`);

--
-- Indexes for table `StaticShortCodes`
--
ALTER TABLE `StaticShortCodes`
  ADD PRIMARY KEY (`id`),
  ADD UNIQUE KEY `id_UNIQUE` (`id`),
  ADD UNIQUE KEY `code_UNIQUE` (`code`);

--
-- Indexes for table `Stores`
--
ALTER TABLE `Stores`
  ADD PRIMARY KEY (`id`),
  ADD UNIQUE KEY `id_UNIQUE` (`id`);

--
-- Indexes for table `Tags`
--
ALTER TABLE `Tags`
  ADD PRIMARY KEY (`id`),
  ADD UNIQUE KEY `id_UNIQUE` (`id`);

--
-- Indexes for table `UserMessages`
--
ALTER TABLE `UserMessages`
  ADD PRIMARY KEY (`id`),
  ADD UNIQUE KEY `id_UNIQUE` (`id`);

--
-- Indexes for table `Users`
--
ALTER TABLE `Users`
  ADD PRIMARY KEY (`id`),
  ADD UNIQUE KEY `id_UNIQUE` (`id`),
  ADD UNIQUE KEY `email_socialId_provider_UNIQUE` (`email`,`provider`,`socialId`),
  ADD KEY `UserID` (`id`),
  ADD KEY `USER_ROLE_idx` (`roleId`);

--
-- AUTO_INCREMENT for dumped tables
--

--
-- AUTO_INCREMENT for table `Authors`
--
ALTER TABLE `Authors`
  MODIFY `id` int(11) UNSIGNED NOT NULL AUTO_INCREMENT;

--
-- AUTO_INCREMENT for table `Bindings`
--
ALTER TABLE `Bindings`
  MODIFY `id` int(11) UNSIGNED NOT NULL AUTO_INCREMENT, AUTO_INCREMENT=3;

--
-- AUTO_INCREMENT for table `BookCopies`
--
ALTER TABLE `BookCopies`
  MODIFY `id` int(10) UNSIGNED NOT NULL AUTO_INCREMENT, AUTO_INCREMENT=11378;

--
-- AUTO_INCREMENT for table `BookFields`
--
ALTER TABLE `BookFields`
  MODIFY `id` int(10) UNSIGNED NOT NULL AUTO_INCREMENT, AUTO_INCREMENT=5;

--
-- AUTO_INCREMENT for table `BookRatings`
--
ALTER TABLE `BookRatings`
  MODIFY `id` int(10) UNSIGNED NOT NULL AUTO_INCREMENT;

--
-- AUTO_INCREMENT for table `Books`
--
ALTER TABLE `Books`
  MODIFY `id` int(11) UNSIGNED NOT NULL AUTO_INCREMENT, AUTO_INCREMENT=430;

--
-- AUTO_INCREMENT for table `BookSizes`
--
ALTER TABLE `BookSizes`
  MODIFY `id` int(10) UNSIGNED NOT NULL AUTO_INCREMENT, AUTO_INCREMENT=6;

--
-- AUTO_INCREMENT for table `BookTypes`
--
ALTER TABLE `BookTypes`
  MODIFY `id` int(10) UNSIGNED NOT NULL AUTO_INCREMENT, AUTO_INCREMENT=3;

--
-- AUTO_INCREMENT for table `Categories`
--
ALTER TABLE `Categories`
  MODIFY `id` int(10) UNSIGNED NOT NULL AUTO_INCREMENT;

--
-- AUTO_INCREMENT for table `DynamicShortCodes`
--
ALTER TABLE `DynamicShortCodes`
  MODIFY `id` int(11) UNSIGNED NOT NULL AUTO_INCREMENT;

--
-- AUTO_INCREMENT for table `ElectronicBooks`
--
ALTER TABLE `ElectronicBooks`
  MODIFY `id` int(10) UNSIGNED NOT NULL AUTO_INCREMENT, AUTO_INCREMENT=433;

--
-- AUTO_INCREMENT for table `EmailNotifications`
--
ALTER TABLE `EmailNotifications`
  MODIFY `id` int(11) NOT NULL AUTO_INCREMENT, AUTO_INCREMENT=4;

--
-- AUTO_INCREMENT for table `Genres`
--
ALTER TABLE `Genres`
  MODIFY `id` int(11) UNSIGNED NOT NULL AUTO_INCREMENT;

--
-- AUTO_INCREMENT for table `Images`
--
ALTER TABLE `Images`
  MODIFY `id` int(10) UNSIGNED NOT NULL AUTO_INCREMENT;

--
-- AUTO_INCREMENT for table `IssueLogs`
--
ALTER TABLE `IssueLogs`
  MODIFY `id` int(10) UNSIGNED NOT NULL AUTO_INCREMENT COMMENT 'Order ID', AUTO_INCREMENT=26;

--
-- AUTO_INCREMENT for table `Issues`
--
ALTER TABLE `Issues`
  MODIFY `id` int(10) UNSIGNED NOT NULL AUTO_INCREMENT COMMENT 'Order ID';

--
-- AUTO_INCREMENT for table `Languages`
--
ALTER TABLE `Languages`
  MODIFY `id` int(11) UNSIGNED NOT NULL AUTO_INCREMENT, AUTO_INCREMENT=11;

--
-- AUTO_INCREMENT for table `ListValues`
--
ALTER TABLE `ListValues`
  MODIFY `id` int(10) UNSIGNED NOT NULL AUTO_INCREMENT, AUTO_INCREMENT=24;

--
-- AUTO_INCREMENT for table `Locations`
--
ALTER TABLE `Locations`
  MODIFY `id` int(10) UNSIGNED NOT NULL AUTO_INCREMENT;

--
-- AUTO_INCREMENT for table `Menus`
--
ALTER TABLE `Menus`
  MODIFY `id` int(11) UNSIGNED NOT NULL AUTO_INCREMENT, AUTO_INCREMENT=2;

--
-- AUTO_INCREMENT for table `Pages`
--
ALTER TABLE `Pages`
  MODIFY `id` int(10) UNSIGNED NOT NULL AUTO_INCREMENT, AUTO_INCREMENT=2;

--
-- AUTO_INCREMENT for table `Permissions`
--
ALTER TABLE `Permissions`
  MODIFY `id` int(10) UNSIGNED NOT NULL AUTO_INCREMENT, AUTO_INCREMENT=319;

--
-- AUTO_INCREMENT for table `PhysicalForms`
--
ALTER TABLE `PhysicalForms`
  MODIFY `id` int(10) UNSIGNED NOT NULL AUTO_INCREMENT, AUTO_INCREMENT=6;

--
-- AUTO_INCREMENT for table `Posts`
--
ALTER TABLE `Posts`
  MODIFY `id` int(10) UNSIGNED NOT NULL AUTO_INCREMENT;

--
-- AUTO_INCREMENT for table `Publishers`
--
ALTER TABLE `Publishers`
  MODIFY `id` int(11) UNSIGNED NOT NULL AUTO_INCREMENT;

--
-- AUTO_INCREMENT for table `Requests`
--
ALTER TABLE `Requests`
  MODIFY `id` int(10) UNSIGNED NOT NULL AUTO_INCREMENT COMMENT 'Request ID';

--
-- AUTO_INCREMENT for table `Reviews`
--
ALTER TABLE `Reviews`
  MODIFY `id` int(10) UNSIGNED NOT NULL AUTO_INCREMENT COMMENT 'Review ID';

--
-- AUTO_INCREMENT for table `Roles`
--
ALTER TABLE `Roles`
  MODIFY `id` int(10) UNSIGNED NOT NULL AUTO_INCREMENT, AUTO_INCREMENT=4;

--
-- AUTO_INCREMENT for table `Series`
--
ALTER TABLE `Series`
  MODIFY `id` int(11) UNSIGNED NOT NULL AUTO_INCREMENT;

--
-- AUTO_INCREMENT for table `StaticShortCodes`
--
ALTER TABLE `StaticShortCodes`
  MODIFY `id` int(11) UNSIGNED NOT NULL AUTO_INCREMENT, AUTO_INCREMENT=5;

--
-- AUTO_INCREMENT for table `Stores`
--
ALTER TABLE `Stores`
  MODIFY `id` int(10) UNSIGNED NOT NULL AUTO_INCREMENT;

--
-- AUTO_INCREMENT for table `Tags`
--
ALTER TABLE `Tags`
  MODIFY `id` int(10) UNSIGNED NOT NULL AUTO_INCREMENT, AUTO_INCREMENT=6;

--
-- AUTO_INCREMENT for table `UserMessages`
--
ALTER TABLE `UserMessages`
  MODIFY `id` int(10) UNSIGNED NOT NULL AUTO_INCREMENT;

--
-- AUTO_INCREMENT for table `Users`
--
ALTER TABLE `Users`
  MODIFY `id` int(11) UNSIGNED NOT NULL AUTO_INCREMENT, AUTO_INCREMENT=2;

--
-- Constraints for dumped tables
--

--
-- Constraints for table `Authors`
--
ALTER TABLE `Authors`
  ADD CONSTRAINT `AUTHOR_PHOTO` FOREIGN KEY (`photoId`) REFERENCES `Images` (`id`) ON DELETE SET NULL ON UPDATE SET NULL;

--
-- Constraints for table `BookAuthors`
--
ALTER TABLE `BookAuthors`
  ADD CONSTRAINT `BOOKAUTHOR_AUTHOR` FOREIGN KEY (`authorId`) REFERENCES `Authors` (`id`) ON DELETE CASCADE ON UPDATE CASCADE,
  ADD CONSTRAINT `BOOKAUTHOR_BOOK` FOREIGN KEY (`bookId`) REFERENCES `Books` (`id`) ON DELETE CASCADE ON UPDATE CASCADE;

--
-- Constraints for table `BookCopies`
--
ALTER TABLE `BookCopies`
  ADD CONSTRAINT `BOOKCOPIES_BOOKS` FOREIGN KEY (`bookId`) REFERENCES `Books` (`id`) ON DELETE CASCADE ON UPDATE CASCADE;

--
-- Constraints for table `BookGenres`
--
ALTER TABLE `BookGenres`
  ADD CONSTRAINT `BOOKGENRE_BOOK` FOREIGN KEY (`bookId`) REFERENCES `Books` (`id`) ON DELETE CASCADE ON UPDATE CASCADE,
  ADD CONSTRAINT `BOOKGENRE_GENRE` FOREIGN KEY (`genreId`) REFERENCES `Genres` (`id`) ON DELETE CASCADE ON UPDATE CASCADE;

--
-- Constraints for table `BookImages`
--
ALTER TABLE `BookImages`
  ADD CONSTRAINT `BOOKIMAGES_BOOK` FOREIGN KEY (`bookId`) REFERENCES `Books` (`id`) ON DELETE CASCADE ON UPDATE CASCADE,
  ADD CONSTRAINT `BOOKIMAGES_IMAGE` FOREIGN KEY (`imageId`) REFERENCES `Images` (`id`) ON DELETE CASCADE ON UPDATE CASCADE;

--
-- Constraints for table `BookLocations`
--
ALTER TABLE `BookLocations`
  ADD CONSTRAINT `BOOKLOCATION_BOOK` FOREIGN KEY (`bookId`) REFERENCES `Books` (`id`) ON DELETE CASCADE ON UPDATE CASCADE,
  ADD CONSTRAINT `BOOKLOCATION_LOCATION` FOREIGN KEY (`locationId`) REFERENCES `Locations` (`id`) ON DELETE CASCADE ON UPDATE CASCADE;

--
-- Constraints for table `BookRatings`
--
ALTER TABLE `BookRatings`
  ADD CONSTRAINT `BOOKRATINGS_BOOK` FOREIGN KEY (`bookId`) REFERENCES `Books` (`id`) ON DELETE CASCADE ON UPDATE CASCADE,
  ADD CONSTRAINT `BOOKRATINGS_USER` FOREIGN KEY (`userId`) REFERENCES `Users` (`id`) ON DELETE CASCADE ON UPDATE CASCADE;

--
-- Constraints for table `BookReviews`
--
ALTER TABLE `BookReviews`
  ADD CONSTRAINT `BOOKREVIEWS_BOOK` FOREIGN KEY (`bookId`) REFERENCES `Books` (`id`) ON DELETE CASCADE ON UPDATE CASCADE,
  ADD CONSTRAINT `BOOKREVIEWS_REVIEW` FOREIGN KEY (`reviewId`) REFERENCES `Reviews` (`id`) ON DELETE CASCADE ON UPDATE CASCADE;

--
-- Constraints for table `Books`
--
ALTER TABLE `Books`
  ADD CONSTRAINT `BOOK_EBOOK` FOREIGN KEY (`eBookId`) REFERENCES `ElectronicBooks` (`id`) ON DELETE SET NULL ON UPDATE SET NULL,
  ADD CONSTRAINT `BOOK_IMAGE` FOREIGN KEY (`coverId`) REFERENCES `Images` (`id`) ON DELETE SET NULL ON UPDATE SET NULL;

--
-- Constraints for table `BookStores`
--
ALTER TABLE `BookStores`
  ADD CONSTRAINT `BOOKSTORE_BOOK` FOREIGN KEY (`bookId`) REFERENCES `Books` (`id`) ON DELETE CASCADE ON UPDATE CASCADE,
  ADD CONSTRAINT `BOOKSTORE_STORE` FOREIGN KEY (`storeId`) REFERENCES `Stores` (`id`) ON DELETE CASCADE ON UPDATE CASCADE;

--
-- Constraints for table `BookTags`
--
ALTER TABLE `BookTags`
  ADD CONSTRAINT `BOOKTAGS_BOOK` FOREIGN KEY (`bookId`) REFERENCES `Books` (`id`) ON DELETE CASCADE ON UPDATE CASCADE,
  ADD CONSTRAINT `BOOKTAGS_TAG` FOREIGN KEY (`tagId`) REFERENCES `Tags` (`id`) ON DELETE CASCADE ON UPDATE CASCADE;

--
-- Constraints for table `Issues`
--
ALTER TABLE `Issues`
  ADD CONSTRAINT `ISSUE_BOOK` FOREIGN KEY (`bookId`) REFERENCES `Books` (`id`) ON DELETE CASCADE ON UPDATE CASCADE,
  ADD CONSTRAINT `ISSUE_REQUEST` FOREIGN KEY (`requestId`) REFERENCES `Requests` (`id`) ON DELETE SET NULL ON UPDATE SET NULL,
  ADD CONSTRAINT `ISSUE_USER` FOREIGN KEY (`userId`) REFERENCES `Users` (`id`) ON DELETE CASCADE ON UPDATE CASCADE;

--
-- Constraints for table `ListValues`
--
ALTER TABLE `ListValues`
  ADD CONSTRAINT `LISTVALUES_BOOKFIELDS` FOREIGN KEY (`fieldId`) REFERENCES `BookFields` (`id`) ON DELETE CASCADE ON UPDATE CASCADE;

--
-- Constraints for table `Locations`
--
ALTER TABLE `Locations`
  ADD CONSTRAINT `LOCATION_STORE` FOREIGN KEY (`storeId`) REFERENCES `Stores` (`id`) ON DELETE CASCADE ON UPDATE CASCADE;

--
-- Constraints for table `MenuItems`
--
ALTER TABLE `MenuItems`
  ADD CONSTRAINT `MENUITEM_MENU` FOREIGN KEY (`menuId`) REFERENCES `Menus` (`id`) ON DELETE CASCADE ON UPDATE CASCADE;

--
-- Constraints for table `Pages`
--
ALTER TABLE `Pages`
  ADD CONSTRAINT `PAGE_USER` FOREIGN KEY (`userId`) REFERENCES `Users` (`id`) ON DELETE CASCADE ON UPDATE CASCADE;

--
-- Constraints for table `PostCategories`
--
ALTER TABLE `PostCategories`
  ADD CONSTRAINT `POSTCATEGORIES_CATEGORY__` FOREIGN KEY (`categoryId`) REFERENCES `Categories` (`id`) ON DELETE CASCADE ON UPDATE CASCADE,
  ADD CONSTRAINT `POSTCATEGORIES_POST` FOREIGN KEY (`postId`) REFERENCES `Posts` (`id`) ON DELETE CASCADE ON UPDATE CASCADE;

--
-- Constraints for table `Posts`
--
ALTER TABLE `Posts`
  ADD CONSTRAINT `POST_USER` FOREIGN KEY (`userId`) REFERENCES `Users` (`id`) ON DELETE CASCADE ON UPDATE CASCADE;

--
-- Constraints for table `Requests`
--
ALTER TABLE `Requests`
  ADD CONSTRAINT `REQUEST_BOOK` FOREIGN KEY (`bookId`) REFERENCES `Books` (`id`) ON DELETE CASCADE ON UPDATE CASCADE,
  ADD CONSTRAINT `REQUEST_USER` FOREIGN KEY (`userId`) REFERENCES `Users` (`id`) ON DELETE CASCADE ON UPDATE CASCADE;

--
-- Constraints for table `Reviews`
--
ALTER TABLE `Reviews`
  ADD CONSTRAINT `REVIEW_BOOK` FOREIGN KEY (`bookId`) REFERENCES `Books` (`id`) ON DELETE CASCADE ON UPDATE CASCADE,
  ADD CONSTRAINT `REVIEW_USER` FOREIGN KEY (`userId`) REFERENCES `Users` (`id`) ON DELETE CASCADE ON UPDATE CASCADE;

--
-- Constraints for table `RolePermissions`
--
ALTER TABLE `RolePermissions`
  ADD CONSTRAINT `ROLEPERMISSION_PERMISSION` FOREIGN KEY (`permissionId`) REFERENCES `Permissions` (`id`) ON DELETE CASCADE ON UPDATE CASCADE,
  ADD CONSTRAINT `ROLEPERMISSION_ROLE` FOREIGN KEY (`roleId`) REFERENCES `Roles` (`id`) ON DELETE CASCADE ON UPDATE CASCADE;

--
-- Constraints for table `Users`
--
ALTER TABLE `Users`
  ADD CONSTRAINT `LIBRARYCMS_USER_ROLE` FOREIGN KEY (`roleId`) REFERENCES `Roles` (`id`) ON DELETE CASCADE ON UPDATE CASCADE;
COMMIT;

/*!40101 SET CHARACTER_SET_CLIENT=@OLD_CHARACTER_SET_CLIENT */;
/*!40101 SET CHARACTER_SET_RESULTS=@OLD_CHARACTER_SET_RESULTS */;
/*!40101 SET COLLATION_CONNECTION=@OLD_COLLATION_CONNECTION */;
